1,1.0.0,
1006371,1006568,FUTCUR,USDINR,,29-May-2017,72057598332895462,1,,FUTCUR,USDINR,,28-Jun-2017,1,,,0,,,0,0,1,1,25000,1,1,25000,1,N,1006655,FUTCUR,USDINR,5,29-May-2017,USDMAYJUN17,
1006371,1006745,FUTCUR,USDINR,,29-May-2017,72057598332895472,1,,FUTCUR,USDINR,,27-Jul-2017,1,,,0,,,0,0,1,1,25000,1,1,25000,1,N,1006806,FUTCUR,USDINR,5,29-May-2017,USDMAYJUL17,
1006568,1006745,FUTCUR,USDINR,,28-Jun-2017,72057598332895473,1,,FUTCUR,USDINR,,27-Jul-2017,1,,,0,,,0,0,1,1,25000,1,1,25000,1,N,1006809,FUTCUR,USDINR,5,28-Jun-2017,USDJUNJUL17,
1006745,1006947,FUTCUR,USDINR,,27-Jul-2017,72057598332895484,1,,FUTCUR,USDINR,,29-Aug-2017,1,,,0,,,0,0,1,1,25000,1,1,25000,1,N,1007036,FUTCUR,USDINR,5,27-Jul-2017,USDJULAUG17,
1006371,1006947,FUTCUR,USDINR,,29-May-2017,72057598332895482,1,,FUTCUR,USDINR,,29-Aug-2017,1,,,0,,,0,0,1,1,25000,1,1,25000,1,N,1007037,FUTCUR,USDINR,5,29-May-2017,USDMAYAUG17,
1006568,1006947,FUTCUR,USDINR,,28-Jun-2017,72057598332895483,1,,FUTCUR,USDINR,,29-Aug-2017,1,,,0,,,0,0,1,1,25000,1,1,25000,1,N,1007039,FUTCUR,USDINR,5,28-Jun-2017,USDJUNAUG17,
1006947,1007158,FUTCUR,USDINR,,29-Aug-2017,72057598332895495,1,,FUTCUR,USDINR,,27-Sep-2017,1,,,0,,,0,0,1,1,25000,1,1,25000,1,N,1007172,FUTCUR,USDINR,5,29-Aug-2017,USDAUGSEP17,
1006745,1007158,FUTCUR,USDINR,,27-Jul-2017,72057598332895494,1,,FUTCUR,USDINR,,27-Sep-2017,1,,,0,,,0,0,1,1,25000,1,1,25000,1,N,1007197,FUTCUR,USDINR,5,27-Jul-2017,USDJULSEP17,
1006371,1007158,FUTCUR,USDINR,,29-May-2017,72057598332895492,1,,FUTCUR,USDINR,,27-Sep-2017,1,,,0,,,0,0,1,1,25000,1,1,25000,1,N,1007199,FUTCUR,USDINR,5,29-May-2017,USDMAYSEP17,
1006568,1007158,FUTCUR,USDINR,,28-Jun-2017,72057598332895493,1,,FUTCUR,USDINR,,27-Sep-2017,1,,,0,,,0,0,1,1,25000,1,1,25000,1,N,1007201,FUTCUR,USDINR,5,28-Jun-2017,USDJUNSEP17,
1006745,1007326,FUTCUR,USDINR,,27-Jul-2017,72057598332895504,1,,FUTCUR,USDINR,,27-Oct-2017,1,,,0,,,0,0,1,1,25000,1,1,25000,1,N,1007366,FUTCUR,USDINR,5,27-Jul-2017,USDJULOCT17,
1006371,1007326,FUTCUR,USDINR,,29-May-2017,72057598332895502,1,,FUTCUR,USDINR,,27-Oct-2017,1,,,0,,,0,0,1,1,25000,1,1,25000,1,N,1007367,FUTCUR,USDINR,5,29-May-2017,USDMAYOCT17,
1006568,1007326,FUTCUR,USDINR,,28-Jun-2017,72057598332895503,1,,FUTCUR,USDINR,,27-Oct-2017,1,,,0,,,0,0,1,1,25000,1,1,25000,1,N,1007369,FUTCUR,USDINR,5,28-Jun-2017,USDJUNOCT17,
1007158,1007326,FUTCUR,USDINR,,27-Sep-2017,72057598332895506,1,,FUTCUR,USDINR,,27-Oct-2017,1,,,0,,,0,0,1,1,25000,1,1,25000,1,N,1007374,FUTCUR,USDINR,5,27-Sep-2017,USDSEPOCT17,
1006947,1007326,FUTCUR,USDINR,,29-Aug-2017,72057598332895505,1,,FUTCUR,USDINR,,27-Oct-2017,1,,,0,,,0,0,1,1,25000,1,1,25000,1,N,1007388,FUTCUR,USDINR,5,29-Aug-2017,USDAUGOCT17,
1006947,1007621,FUTCUR,USDINR,,29-Aug-2017,72057598332895515,1,,FUTCUR,USDINR,,28-Nov-2017,1,,,0,,,0,0,1,1,25000,1,1,25000,1,N,1007668,FUTCUR,USDINR,5,29-Aug-2017,USDAUGNOV17,
1007326,1007621,FUTCUR,USDINR,,27-Oct-2017,72057598332895517,1,,FUTCUR,USDINR,,28-Nov-2017,1,,,0,,,0,0,1,1,25000,1,1,25000,1,N,1007686,FUTCUR,USDINR,5,27-Oct-2017,USDOCTNOV17,
1006745,1007621,FUTCUR,USDINR,,27-Jul-2017,72057598332895514,1,,FUTCUR,USDINR,,28-Nov-2017,1,,,0,,,0,0,1,1,25000,1,1,25000,1,N,1007687,FUTCUR,USDINR,5,27-Jul-2017,USDJULNOV17,
1006371,1007621,FUTCUR,USDINR,,29-May-2017,72057598332895512,1,,FUTCUR,USDINR,,28-Nov-2017,1,,,0,,,0,0,1,1,25000,1,1,25000,1,N,1007688,FUTCUR,USDINR,5,29-May-2017,USDMAYNOV17,
1006568,1007621,FUTCUR,USDINR,,28-Jun-2017,72057598332895513,1,,FUTCUR,USDINR,,28-Nov-2017,1,,,0,,,0,0,1,1,25000,1,1,25000,1,N,1007691,FUTCUR,USDINR,5,28-Jun-2017,USDJUNNOV17,
1007158,1007621,FUTCUR,USDINR,,27-Sep-2017,72057598332895516,1,,FUTCUR,USDINR,,28-Nov-2017,1,,,0,,,0,0,1,1,25000,1,1,25000,1,N,1007695,FUTCUR,USDINR,5,27-Sep-2017,USDSEPNOV17,
1007326,1007776,FUTCUR,USDINR,,27-Oct-2017,72057598332895527,1,,FUTCUR,USDINR,,27-Dec-2017,1,,,0,,,0,0,1,1,25000,1,1,25000,1,N,1007815,FUTCUR,USDINR,5,27-Oct-2017,USDOCTDEC17,
1006745,1007776,FUTCUR,USDINR,,27-Jul-2017,72057598332895524,1,,FUTCUR,USDINR,,27-Dec-2017,1,,,0,,,0,0,1,1,25000,1,1,25000,1,N,1007816,FUTCUR,USDINR,5,27-Jul-2017,USDJULDEC17,
1006371,1007776,FUTCUR,USDINR,,29-May-2017,72057598332895522,1,,FUTCUR,USDINR,,27-Dec-2017,1,,,0,,,0,0,1,1,25000,1,1,25000,1,N,1007818,FUTCUR,USDINR,5,29-May-2017,USDMAYDEC17,
1006568,1007776,FUTCUR,USDINR,,28-Jun-2017,72057598332895523,1,,FUTCUR,USDINR,,27-Dec-2017,1,,,0,,,0,0,1,1,25000,1,1,25000,1,N,1007819,FUTCUR,USDINR,5,28-Jun-2017,USDJUNDEC17,
1007158,1007776,FUTCUR,USDINR,,27-Sep-2017,72057598332895526,1,,FUTCUR,USDINR,,27-Dec-2017,1,,,0,,,0,0,1,1,25000,1,1,25000,1,N,1007824,FUTCUR,USDINR,5,27-Sep-2017,USDSEPDEC17,
1006947,1007776,FUTCUR,USDINR,,29-Aug-2017,72057598332895525,1,,FUTCUR,USDINR,,27-Dec-2017,1,,,0,,,0,0,1,1,25000,1,1,25000,1,N,1007837,FUTCUR,USDINR,5,29-Aug-2017,USDAUGDEC17,
1007621,1007776,FUTCUR,USDINR,,28-Nov-2017,72057598332895528,1,,FUTCUR,USDINR,,27-Dec-2017,1,,,0,,,0,0,1,1,25000,1,1,25000,1,N,1007859,FUTCUR,USDINR,5,28-Nov-2017,USDNOVDEC17,
1006947,1007952,FUTCUR,USDINR,,29-Aug-2017,72057598332895535,1,,FUTCUR,USDINR,,29-Jan-2018,1,,,0,,,0,0,1,1,25000,1,1,25000,1,N,1008087,FUTCUR,USDINR,5,29-Aug-2017,USDAUGJAN18,
1007776,1007952,FUTCUR,USDINR,,27-Dec-2017,72057598332895539,1,,FUTCUR,USDINR,,29-Jan-2018,1,,,0,,,0,0,1,1,25000,1,1,25000,1,N,1008088,FUTCUR,USDINR,5,27-Dec-2017,USDDECJAN18,
1007621,1007952,FUTCUR,USDINR,,28-Nov-2017,72057598332895538,1,,FUTCUR,USDINR,,29-Jan-2018,1,,,0,,,0,0,1,1,25000,1,1,25000,1,N,1008103,FUTCUR,USDINR,5,28-Nov-2017,USDNOVJAN18,
1007326,1007952,FUTCUR,USDINR,,27-Oct-2017,72057598332895537,1,,FUTCUR,USDINR,,29-Jan-2018,1,,,0,,,0,0,1,1,25000,1,1,25000,1,N,1008105,FUTCUR,USDINR,5,27-Oct-2017,USDOCTJAN18,
1006745,1007952,FUTCUR,USDINR,,27-Jul-2017,72057598332895534,1,,FUTCUR,USDINR,,29-Jan-2018,1,,,0,,,0,0,1,1,25000,1,1,25000,1,N,1008106,FUTCUR,USDINR,5,27-Jul-2017,USDJULJAN18,
1006371,1007952,FUTCUR,USDINR,,29-May-2017,72057598332895532,1,,FUTCUR,USDINR,,29-Jan-2018,1,,,0,,,0,0,1,1,25000,1,1,25000,1,N,1008107,FUTCUR,USDINR,5,29-May-2017,USDMAYJAN18,
1006568,1007952,FUTCUR,USDINR,,28-Jun-2017,72057598332895533,1,,FUTCUR,USDINR,,29-Jan-2018,1,,,0,,,0,0,1,1,25000,1,1,25000,1,N,1008110,FUTCUR,USDINR,5,28-Jun-2017,USDJUNJAN18,
1007158,1007952,FUTCUR,USDINR,,27-Sep-2017,72057598332895536,1,,FUTCUR,USDINR,,29-Jan-2018,1,,,0,,,0,0,1,1,25000,1,1,25000,1,N,1008118,FUTCUR,USDINR,5,27-Sep-2017,USDSEPJAN18,
1006947,1008187,FUTCUR,USDINR,,29-Aug-2017,72057598332895545,1,,FUTCUR,USDINR,,26-Feb-2018,1,,,0,,,0,0,1,1,25000,1,1,25000,1,N,1008284,FUTCUR,USDINR,5,29-Aug-2017,USDAUGFEB18,
1007776,1008187,FUTCUR,USDINR,,27-Dec-2017,72057598332895549,1,,FUTCUR,USDINR,,26-Feb-2018,1,,,0,,,0,0,1,1,25000,1,1,25000,1,N,1008287,FUTCUR,USDINR,5,27-Dec-2017,USDDECFEB18,
1007621,1008187,FUTCUR,USDINR,,28-Nov-2017,72057598332895548,1,,FUTCUR,USDINR,,26-Feb-2018,1,,,0,,,0,0,1,1,25000,1,1,25000,1,N,1008316,FUTCUR,USDINR,5,28-Nov-2017,USDNOVFEB18,
1007326,1008187,FUTCUR,USDINR,,27-Oct-2017,72057598332895547,1,,FUTCUR,USDINR,,26-Feb-2018,1,,,0,,,0,0,1,1,25000,1,1,25000,1,N,1008323,FUTCUR,USDINR,5,27-Oct-2017,USDOCTFEB18,
1006745,1008187,FUTCUR,USDINR,,27-Jul-2017,72057598332895544,1,,FUTCUR,USDINR,,26-Feb-2018,1,,,0,,,0,0,1,1,25000,1,1,25000,1,N,1008324,FUTCUR,USDINR,5,27-Jul-2017,USDJULFEB18,
1006371,1008187,FUTCUR,USDINR,,29-May-2017,72057598332895542,1,,FUTCUR,USDINR,,26-Feb-2018,1,,,0,,,0,0,1,1,25000,1,1,25000,1,N,1008327,FUTCUR,USDINR,5,29-May-2017,USDMAYFEB18,
1006568,1008187,FUTCUR,USDINR,,28-Jun-2017,72057598332895543,1,,FUTCUR,USDINR,,26-Feb-2018,1,,,0,,,0,0,1,1,25000,1,1,25000,1,N,1008329,FUTCUR,USDINR,5,28-Jun-2017,USDJUNFEB18,
1007952,1008187,FUTCUR,USDINR,,29-Jan-2018,72057598332895550,1,,FUTCUR,USDINR,,26-Feb-2018,1,,,0,,,0,0,1,1,25000,1,1,25000,1,N,1008331,FUTCUR,USDINR,5,29-Jan-2018,USDJANFEB18,
1007158,1008187,FUTCUR,USDINR,,27-Sep-2017,72057598332895546,1,,FUTCUR,USDINR,,26-Feb-2018,1,,,0,,,0,0,1,1,25000,1,1,25000,1,N,1008340,FUTCUR,USDINR,5,27-Sep-2017,USDSEPFEB18,
1007326,1008504,FUTCUR,USDINR,,27-Oct-2017,72057598332895557,1,,FUTCUR,USDINR,,28-Mar-2018,1,,,0,,,0,0,1,1,25000,1,1,25000,1,N,1008538,FUTCUR,USDINR,5,27-Oct-2017,USDOCTMAR18,
1006745,1008504,FUTCUR,USDINR,,27-Jul-2017,72057598332895554,1,,FUTCUR,USDINR,,28-Mar-2018,1,,,0,,,0,0,1,1,25000,1,1,25000,1,N,1008539,FUTCUR,USDINR,5,27-Jul-2017,USDJULMAR18,
1006371,1008504,FUTCUR,USDINR,,29-May-2017,72057598332895552,1,,FUTCUR,USDINR,,28-Mar-2018,1,,,0,,,0,0,1,1,25000,1,1,25000,1,N,1008540,FUTCUR,USDINR,5,29-May-2017,USDMAYMAR18,
1006568,1008504,FUTCUR,USDINR,,28-Jun-2017,72057598332895553,1,,FUTCUR,USDINR,,28-Mar-2018,1,,,0,,,0,0,1,1,25000,1,1,25000,1,N,1008544,FUTCUR,USDINR,5,28-Jun-2017,USDJUNMAR18,
1007952,1008504,FUTCUR,USDINR,,29-Jan-2018,72057598332895560,1,,FUTCUR,USDINR,,28-Mar-2018,1,,,0,,,0,0,1,1,25000,1,1,25000,1,N,1008545,FUTCUR,USDINR,5,29-Jan-2018,USDJANMAR18,
1007158,1008504,FUTCUR,USDINR,,27-Sep-2017,72057598332895556,1,,FUTCUR,USDINR,,28-Mar-2018,1,,,0,,,0,0,1,1,25000,1,1,25000,1,N,1008550,FUTCUR,USDINR,5,27-Sep-2017,USDSEPMAR18,
1006947,1008504,FUTCUR,USDINR,,29-Aug-2017,72057598332895555,1,,FUTCUR,USDINR,,28-Mar-2018,1,,,0,,,0,0,1,1,25000,1,1,25000,1,N,1008561,FUTCUR,USDINR,5,29-Aug-2017,USDAUGMAR18,
1007776,1008504,FUTCUR,USDINR,,27-Dec-2017,72057598332895559,1,,FUTCUR,USDINR,,28-Mar-2018,1,,,0,,,0,0,1,1,25000,1,1,25000,1,N,1008564,FUTCUR,USDINR,5,27-Dec-2017,USDDECMAR18,
1008187,1008504,FUTCUR,USDINR,,26-Feb-2018,72057598332895561,1,,FUTCUR,USDINR,,28-Mar-2018,1,,,0,,,0,0,1,1,25000,1,1,25000,1,N,1008565,FUTCUR,USDINR,5,26-Feb-2018,USDFEBMAR18,
1007621,1008504,FUTCUR,USDINR,,28-Nov-2017,72057598332895558,1,,FUTCUR,USDINR,,28-Mar-2018,1,,,0,,,0,0,1,1,25000,1,1,25000,1,N,1008581,FUTCUR,USDINR,5,28-Nov-2017,USDNOVMAR18,
1007776,1008670,FUTCUR,USDINR,,27-Dec-2017,72057598332895569,1,,FUTCUR,USDINR,,26-Apr-2018,1,,,0,,,0,0,1,1,25000,1,1,25000,1,N,1008755,FUTCUR,USDINR,5,27-Dec-2017,USDDECAPR18,
1008187,1008670,FUTCUR,USDINR,,26-Feb-2018,72057598332895571,1,,FUTCUR,USDINR,,26-Apr-2018,1,,,0,,,0,0,1,1,25000,1,1,25000,1,N,1008757,FUTCUR,USDINR,5,26-Feb-2018,USDFEBAPR18,
1008504,1008670,FUTCUR,USDINR,,28-Mar-2018,72057598332895572,1,,FUTCUR,USDINR,,26-Apr-2018,1,,,0,,,0,0,1,1,25000,1,1,25000,1,N,1008769,FUTCUR,USDINR,5,28-Mar-2018,USDMARAPR18,
1007621,1008670,FUTCUR,USDINR,,28-Nov-2017,72057598332895568,1,,FUTCUR,USDINR,,26-Apr-2018,1,,,0,,,0,0,1,1,25000,1,1,25000,1,N,1008773,FUTCUR,USDINR,5,28-Nov-2017,USDNOVAPR18,
1007326,1008670,FUTCUR,USDINR,,27-Oct-2017,72057598332895567,1,,FUTCUR,USDINR,,26-Apr-2018,1,,,0,,,0,0,1,1,25000,1,1,25000,1,N,1008780,FUTCUR,USDINR,5,27-Oct-2017,USDOCTAPR18,
1006745,1008670,FUTCUR,USDINR,,27-Jul-2017,72057598332895564,1,,FUTCUR,USDINR,,26-Apr-2018,1,,,0,,,0,0,1,1,25000,1,1,25000,1,N,1008781,FUTCUR,USDINR,5,27-Jul-2017,USDJULAPR18,
1006371,1008670,FUTCUR,USDINR,,29-May-2017,72057598332895562,1,,FUTCUR,USDINR,,26-Apr-2018,1,,,0,,,0,0,1,1,25000,1,1,25000,1,N,1008782,FUTCUR,USDINR,5,29-May-2017,USDMAYAPR18,
1006568,1008670,FUTCUR,USDINR,,28-Jun-2017,72057598332895563,1,,FUTCUR,USDINR,,26-Apr-2018,1,,,0,,,0,0,1,1,25000,1,1,25000,1,N,1008783,FUTCUR,USDINR,5,28-Jun-2017,USDJUNAPR18,
1007952,1008670,FUTCUR,USDINR,,29-Jan-2018,72057598332895570,1,,FUTCUR,USDINR,,26-Apr-2018,1,,,0,,,0,0,1,1,25000,1,1,25000,1,N,1008784,FUTCUR,USDINR,5,29-Jan-2018,USDJANAPR18,
1007158,1008670,FUTCUR,USDINR,,27-Sep-2017,72057598332895566,1,,FUTCUR,USDINR,,26-Apr-2018,1,,,0,,,0,0,1,1,25000,1,1,25000,1,N,1008788,FUTCUR,USDINR,5,27-Sep-2017,USDSEPAPR18,
1006947,1008670,FUTCUR,USDINR,,29-Aug-2017,72057598332895565,1,,FUTCUR,USDINR,,26-Apr-2018,1,,,0,,,0,0,1,1,25000,1,1,25000,1,N,1008800,FUTCUR,USDINR,5,29-Aug-2017,USDAUGAPR18,
1006389,1006590,FUTCUR,GBPINR,,29-May-2017,72057606922830054,1,,FUTCUR,GBPINR,,28-Jun-2017,3,,,0,,,0,0,1,1,25000,1,1,25000,1,N,1006661,FUTCUR,GBPINR,5,29-May-2017,GBPMAYJUN17,
1006389,1006766,FUTCUR,GBPINR,,29-May-2017,72057606922830064,1,,FUTCUR,GBPINR,,27-Jul-2017,3,,,0,,,0,0,1,1,25000,1,1,25000,1,N,1006814,FUTCUR,GBPINR,5,29-May-2017,GBPMAYJUL17,
1006590,1006766,FUTCUR,GBPINR,,28-Jun-2017,72057606922830065,1,,FUTCUR,GBPINR,,27-Jul-2017,3,,,0,,,0,0,1,1,25000,1,1,25000,1,N,1006845,FUTCUR,GBPINR,5,28-Jun-2017,GBPJUNJUL17,
1006590,1006977,FUTCUR,GBPINR,,28-Jun-2017,72057606922830075,1,,FUTCUR,GBPINR,,29-Aug-2017,3,,,0,,,0,0,1,1,25000,1,1,25000,1,N,1007026,FUTCUR,GBPINR,5,28-Jun-2017,GBPJUNAUG17,
1006389,1006977,FUTCUR,GBPINR,,29-May-2017,72057606922830074,1,,FUTCUR,GBPINR,,29-Aug-2017,3,,,0,,,0,0,1,1,25000,1,1,25000,1,N,1007043,FUTCUR,GBPINR,5,29-May-2017,GBPMAYAUG17,
1006766,1006977,FUTCUR,GBPINR,,27-Jul-2017,72057606922830076,1,,FUTCUR,GBPINR,,29-Aug-2017,3,,,0,,,0,0,1,1,25000,1,1,25000,1,N,1007056,FUTCUR,GBPINR,5,27-Jul-2017,GBPJULAUG17,
1006389,1007115,FUTCUR,GBPINR,,29-May-2017,72057606922830084,1,,FUTCUR,GBPINR,,27-Sep-2017,3,,,0,,,0,0,1,1,25000,1,1,25000,1,N,1007169,FUTCUR,GBPINR,5,29-May-2017,GBPMAYSEP17,
1006766,1007115,FUTCUR,GBPINR,,27-Jul-2017,72057606922830086,1,,FUTCUR,GBPINR,,27-Sep-2017,3,,,0,,,0,0,1,1,25000,1,1,25000,1,N,1007186,FUTCUR,GBPINR,5,27-Jul-2017,GBPJULSEP17,
1006590,1007115,FUTCUR,GBPINR,,28-Jun-2017,72057606922830085,1,,FUTCUR,GBPINR,,27-Sep-2017,3,,,0,,,0,0,1,1,25000,1,1,25000,1,N,1007193,FUTCUR,GBPINR,5,28-Jun-2017,GBPJUNSEP17,
1006977,1007115,FUTCUR,GBPINR,,29-Aug-2017,72057606922830087,1,,FUTCUR,GBPINR,,27-Sep-2017,3,,,0,,,0,0,1,1,25000,1,1,25000,1,N,1007202,FUTCUR,GBPINR,5,29-Aug-2017,GBPAUGSEP17,
1006590,1007288,FUTCUR,GBPINR,,28-Jun-2017,72057606922830095,1,,FUTCUR,GBPINR,,27-Oct-2017,3,,,0,,,0,0,1,1,25000,1,1,25000,1,N,1007357,FUTCUR,GBPINR,5,28-Jun-2017,GBPJUNOCT17,
1006977,1007288,FUTCUR,GBPINR,,29-Aug-2017,72057606922830097,1,,FUTCUR,GBPINR,,27-Oct-2017,3,,,0,,,0,0,1,1,25000,1,1,25000,1,N,1007362,FUTCUR,GBPINR,5,29-Aug-2017,GBPAUGOCT17,
1006389,1007288,FUTCUR,GBPINR,,29-May-2017,72057606922830094,1,,FUTCUR,GBPINR,,27-Oct-2017,3,,,0,,,0,0,1,1,25000,1,1,25000,1,N,1007378,FUTCUR,GBPINR,5,29-May-2017,GBPMAYOCT17,
1007115,1007288,FUTCUR,GBPINR,,27-Sep-2017,72057606922830098,1,,FUTCUR,GBPINR,,27-Oct-2017,3,,,0,,,0,0,1,1,25000,1,1,25000,1,N,1007381,FUTCUR,GBPINR,5,27-Sep-2017,GBPSEPOCT17,
1006766,1007288,FUTCUR,GBPINR,,27-Jul-2017,72057606922830096,1,,FUTCUR,GBPINR,,27-Oct-2017,3,,,0,,,0,0,1,1,25000,1,1,25000,1,N,1007391,FUTCUR,GBPINR,5,27-Jul-2017,GBPJULOCT17,
1006766,1007630,FUTCUR,GBPINR,,27-Jul-2017,72057606922830106,1,,FUTCUR,GBPINR,,28-Nov-2017,3,,,0,,,0,0,1,1,25000,1,1,25000,1,N,1007669,FUTCUR,GBPINR,5,27-Jul-2017,GBPJULNOV17,
1006590,1007630,FUTCUR,GBPINR,,28-Jun-2017,72057606922830105,1,,FUTCUR,GBPINR,,28-Nov-2017,3,,,0,,,0,0,1,1,25000,1,1,25000,1,N,1007679,FUTCUR,GBPINR,5,28-Jun-2017,GBPJUNNOV17,
1006977,1007630,FUTCUR,GBPINR,,29-Aug-2017,72057606922830107,1,,FUTCUR,GBPINR,,28-Nov-2017,3,,,0,,,0,0,1,1,25000,1,1,25000,1,N,1007683,FUTCUR,GBPINR,5,29-Aug-2017,GBPAUGNOV17,
1006389,1007630,FUTCUR,GBPINR,,29-May-2017,72057606922830104,1,,FUTCUR,GBPINR,,28-Nov-2017,3,,,0,,,0,0,1,1,25000,1,1,25000,1,N,1007699,FUTCUR,GBPINR,5,29-May-2017,GBPMAYNOV17,
1007288,1007630,FUTCUR,GBPINR,,27-Oct-2017,72057606922830109,1,,FUTCUR,GBPINR,,28-Nov-2017,3,,,0,,,0,0,1,1,25000,1,1,25000,1,N,1007700,FUTCUR,GBPINR,5,27-Oct-2017,GBPOCTNOV17,
1007115,1007630,FUTCUR,GBPINR,,27-Sep-2017,72057606922830108,1,,FUTCUR,GBPINR,,28-Nov-2017,3,,,0,,,0,0,1,1,25000,1,1,25000,1,N,1007703,FUTCUR,GBPINR,5,27-Sep-2017,GBPSEPNOV17,
1006977,1007758,FUTCUR,GBPINR,,29-Aug-2017,72057606922830117,1,,FUTCUR,GBPINR,,27-Dec-2017,3,,,0,,,0,0,1,1,25000,1,1,25000,1,N,1007814,FUTCUR,GBPINR,5,29-Aug-2017,GBPAUGDEC17,
1006389,1007758,FUTCUR,GBPINR,,29-May-2017,72057606922830114,1,,FUTCUR,GBPINR,,27-Dec-2017,3,,,0,,,0,0,1,1,25000,1,1,25000,1,N,1007830,FUTCUR,GBPINR,5,29-May-2017,GBPMAYDEC17,
1007288,1007758,FUTCUR,GBPINR,,27-Oct-2017,72057606922830119,1,,FUTCUR,GBPINR,,27-Dec-2017,3,,,0,,,0,0,1,1,25000,1,1,25000,1,N,1007831,FUTCUR,GBPINR,5,27-Oct-2017,GBPOCTDEC17,
1007115,1007758,FUTCUR,GBPINR,,27-Sep-2017,72057606922830118,1,,FUTCUR,GBPINR,,27-Dec-2017,3,,,0,,,0,0,1,1,25000,1,1,25000,1,N,1007834,FUTCUR,GBPINR,5,27-Sep-2017,GBPSEPDEC17,
1006766,1007758,FUTCUR,GBPINR,,27-Jul-2017,72057606922830116,1,,FUTCUR,GBPINR,,27-Dec-2017,3,,,0,,,0,0,1,1,25000,1,1,25000,1,N,1007845,FUTCUR,GBPINR,5,27-Jul-2017,GBPJULDEC17,
1007630,1007758,FUTCUR,GBPINR,,28-Nov-2017,72057606922830120,1,,FUTCUR,GBPINR,,27-Dec-2017,3,,,0,,,0,0,1,1,25000,1,1,25000,1,N,1007852,FUTCUR,GBPINR,5,28-Nov-2017,GBPNOVDEC17,
1006590,1007758,FUTCUR,GBPINR,,28-Jun-2017,72057606922830115,1,,FUTCUR,GBPINR,,27-Dec-2017,3,,,0,,,0,0,1,1,25000,1,1,25000,1,N,1007854,FUTCUR,GBPINR,5,28-Jun-2017,GBPJUNDEC17,
1007758,1007970,FUTCUR,GBPINR,,27-Dec-2017,72057606922830131,1,,FUTCUR,GBPINR,,29-Jan-2018,3,,,0,,,0,0,1,1,25000,1,1,25000,1,N,1008084,FUTCUR,GBPINR,5,27-Dec-2017,GBPDECJAN18,
1006766,1007970,FUTCUR,GBPINR,,27-Jul-2017,72057606922830126,1,,FUTCUR,GBPINR,,29-Jan-2018,3,,,0,,,0,0,1,1,25000,1,1,25000,1,N,1008086,FUTCUR,GBPINR,5,27-Jul-2017,GBPJULJAN18,
1007630,1007970,FUTCUR,GBPINR,,28-Nov-2017,72057606922830130,1,,FUTCUR,GBPINR,,29-Jan-2018,3,,,0,,,0,0,1,1,25000,1,1,25000,1,N,1008095,FUTCUR,GBPINR,5,28-Nov-2017,GBPNOVJAN18,
1006590,1007970,FUTCUR,GBPINR,,28-Jun-2017,72057606922830125,1,,FUTCUR,GBPINR,,29-Jan-2018,3,,,0,,,0,0,1,1,25000,1,1,25000,1,N,1008097,FUTCUR,GBPINR,5,28-Jun-2017,GBPJUNJAN18,
1006977,1007970,FUTCUR,GBPINR,,29-Aug-2017,72057606922830127,1,,FUTCUR,GBPINR,,29-Jan-2018,3,,,0,,,0,0,1,1,25000,1,1,25000,1,N,1008099,FUTCUR,GBPINR,5,29-Aug-2017,GBPAUGJAN18,
1006389,1007970,FUTCUR,GBPINR,,29-May-2017,72057606922830124,1,,FUTCUR,GBPINR,,29-Jan-2018,3,,,0,,,0,0,1,1,25000,1,1,25000,1,N,1008116,FUTCUR,GBPINR,5,29-May-2017,GBPMAYJAN18,
1007288,1007970,FUTCUR,GBPINR,,27-Oct-2017,72057606922830129,1,,FUTCUR,GBPINR,,29-Jan-2018,3,,,0,,,0,0,1,1,25000,1,1,25000,1,N,1008117,FUTCUR,GBPINR,5,27-Oct-2017,GBPOCTJAN18,
1007115,1007970,FUTCUR,GBPINR,,27-Sep-2017,72057606922830128,1,,FUTCUR,GBPINR,,29-Jan-2018,3,,,0,,,0,0,1,1,25000,1,1,25000,1,N,1008121,FUTCUR,GBPINR,5,27-Sep-2017,GBPSEPJAN18,
1006389,1008204,FUTCUR,GBPINR,,29-May-2017,72057606922830134,1,,FUTCUR,GBPINR,,26-Feb-2018,3,,,0,,,0,0,1,1,25000,1,1,25000,1,N,1008270,FUTCUR,GBPINR,5,29-May-2017,GBPMAYFEB18,
1007288,1008204,FUTCUR,GBPINR,,27-Oct-2017,72057606922830139,1,,FUTCUR,GBPINR,,26-Feb-2018,3,,,0,,,0,0,1,1,25000,1,1,25000,1,N,1008272,FUTCUR,GBPINR,5,27-Oct-2017,GBPOCTFEB18,
1007115,1008204,FUTCUR,GBPINR,,27-Sep-2017,72057606922830138,1,,FUTCUR,GBPINR,,26-Feb-2018,3,,,0,,,0,0,1,1,25000,1,1,25000,1,N,1008278,FUTCUR,GBPINR,5,27-Sep-2017,GBPSEPFEB18,
1007758,1008204,FUTCUR,GBPINR,,27-Dec-2017,72057606922830141,1,,FUTCUR,GBPINR,,26-Feb-2018,3,,,0,,,0,0,1,1,25000,1,1,25000,1,N,1008296,FUTCUR,GBPINR,5,27-Dec-2017,GBPDECFEB18,
1006766,1008204,FUTCUR,GBPINR,,27-Jul-2017,72057606922830136,1,,FUTCUR,GBPINR,,26-Feb-2018,3,,,0,,,0,0,1,1,25000,1,1,25000,1,N,1008297,FUTCUR,GBPINR,5,27-Jul-2017,GBPJULFEB18,
1007630,1008204,FUTCUR,GBPINR,,28-Nov-2017,72057606922830140,1,,FUTCUR,GBPINR,,26-Feb-2018,3,,,0,,,0,0,1,1,25000,1,1,25000,1,N,1008308,FUTCUR,GBPINR,5,28-Nov-2017,GBPNOVFEB18,
1006590,1008204,FUTCUR,GBPINR,,28-Jun-2017,72057606922830135,1,,FUTCUR,GBPINR,,26-Feb-2018,3,,,0,,,0,0,1,1,25000,1,1,25000,1,N,1008311,FUTCUR,GBPINR,5,28-Jun-2017,GBPJUNFEB18,
1006977,1008204,FUTCUR,GBPINR,,29-Aug-2017,72057606922830137,1,,FUTCUR,GBPINR,,26-Feb-2018,3,,,0,,,0,0,1,1,25000,1,1,25000,1,N,1008321,FUTCUR,GBPINR,5,29-Aug-2017,GBPAUGFEB18,
1007970,1008204,FUTCUR,GBPINR,,29-Jan-2018,72057606922830142,1,,FUTCUR,GBPINR,,26-Feb-2018,3,,,0,,,0,0,1,1,25000,1,1,25000,1,N,1008336,FUTCUR,GBPINR,5,29-Jan-2018,GBPJANFEB18,
1007970,1008459,FUTCUR,GBPINR,,29-Jan-2018,72057606922830152,1,,FUTCUR,GBPINR,,28-Mar-2018,3,,,0,,,0,0,1,1,25000,1,1,25000,1,N,1008548,FUTCUR,GBPINR,5,29-Jan-2018,GBPJANMAR18,
1006389,1008459,FUTCUR,GBPINR,,29-May-2017,72057606922830144,1,,FUTCUR,GBPINR,,28-Mar-2018,3,,,0,,,0,0,1,1,25000,1,1,25000,1,N,1008554,FUTCUR,GBPINR,5,29-May-2017,GBPMAYMAR18,
1007288,1008459,FUTCUR,GBPINR,,27-Oct-2017,72057606922830149,1,,FUTCUR,GBPINR,,28-Mar-2018,3,,,0,,,0,0,1,1,25000,1,1,25000,1,N,1008555,FUTCUR,GBPINR,5,27-Oct-2017,GBPOCTMAR18,
1007115,1008459,FUTCUR,GBPINR,,27-Sep-2017,72057606922830148,1,,FUTCUR,GBPINR,,28-Mar-2018,3,,,0,,,0,0,1,1,25000,1,1,25000,1,N,1008558,FUTCUR,GBPINR,5,27-Sep-2017,GBPSEPMAR18,
1007758,1008459,FUTCUR,GBPINR,,27-Dec-2017,72057606922830151,1,,FUTCUR,GBPINR,,28-Mar-2018,3,,,0,,,0,0,1,1,25000,1,1,25000,1,N,1008566,FUTCUR,GBPINR,5,27-Dec-2017,GBPDECMAR18,
1006766,1008459,FUTCUR,GBPINR,,27-Jul-2017,72057606922830146,1,,FUTCUR,GBPINR,,28-Mar-2018,3,,,0,,,0,0,1,1,25000,1,1,25000,1,N,1008567,FUTCUR,GBPINR,5,27-Jul-2017,GBPJULMAR18,
1008204,1008459,FUTCUR,GBPINR,,26-Feb-2018,72057606922830153,1,,FUTCUR,GBPINR,,28-Mar-2018,3,,,0,,,0,0,1,1,25000,1,1,25000,1,N,1008575,FUTCUR,GBPINR,5,26-Feb-2018,GBPFEBMAR18,
1007630,1008459,FUTCUR,GBPINR,,28-Nov-2017,72057606922830150,1,,FUTCUR,GBPINR,,28-Mar-2018,3,,,0,,,0,0,1,1,25000,1,1,25000,1,N,1008576,FUTCUR,GBPINR,5,28-Nov-2017,GBPNOVMAR18,
1006590,1008459,FUTCUR,GBPINR,,28-Jun-2017,72057606922830145,1,,FUTCUR,GBPINR,,28-Mar-2018,3,,,0,,,0,0,1,1,25000,1,1,25000,1,N,1008578,FUTCUR,GBPINR,5,28-Jun-2017,GBPJUNMAR18,
1006977,1008459,FUTCUR,GBPINR,,29-Aug-2017,72057606922830147,1,,FUTCUR,GBPINR,,28-Mar-2018,3,,,0,,,0,0,1,1,25000,1,1,25000,1,N,1008582,FUTCUR,GBPINR,5,29-Aug-2017,GBPAUGMAR18,
1006766,1008689,FUTCUR,GBPINR,,27-Jul-2017,72057606922830156,1,,FUTCUR,GBPINR,,26-Apr-2018,3,,,0,,,0,0,1,1,25000,1,1,25000,1,N,1008754,FUTCUR,GBPINR,5,27-Jul-2017,GBPJULAPR18,
1008204,1008689,FUTCUR,GBPINR,,26-Feb-2018,72057606922830163,1,,FUTCUR,GBPINR,,26-Apr-2018,3,,,0,,,0,0,1,1,25000,1,1,25000,1,N,1008764,FUTCUR,GBPINR,5,26-Feb-2018,GBPFEBAPR18,
1007630,1008689,FUTCUR,GBPINR,,28-Nov-2017,72057606922830160,1,,FUTCUR,GBPINR,,26-Apr-2018,3,,,0,,,0,0,1,1,25000,1,1,25000,1,N,1008765,FUTCUR,GBPINR,5,28-Nov-2017,GBPNOVAPR18,
1006590,1008689,FUTCUR,GBPINR,,28-Jun-2017,72057606922830155,1,,FUTCUR,GBPINR,,26-Apr-2018,3,,,0,,,0,0,1,1,25000,1,1,25000,1,N,1008767,FUTCUR,GBPINR,5,28-Jun-2017,GBPJUNAPR18,
1006977,1008689,FUTCUR,GBPINR,,29-Aug-2017,72057606922830157,1,,FUTCUR,GBPINR,,26-Apr-2018,3,,,0,,,0,0,1,1,25000,1,1,25000,1,N,1008771,FUTCUR,GBPINR,5,29-Aug-2017,GBPAUGAPR18,
1008459,1008689,FUTCUR,GBPINR,,28-Mar-2018,72057606922830164,1,,FUTCUR,GBPINR,,26-Apr-2018,3,,,0,,,0,0,1,1,25000,1,1,25000,1,N,1008778,FUTCUR,GBPINR,5,28-Mar-2018,GBPMARAPR18,
1007970,1008689,FUTCUR,GBPINR,,29-Jan-2018,72057606922830162,1,,FUTCUR,GBPINR,,26-Apr-2018,3,,,0,,,0,0,1,1,25000,1,1,25000,1,N,1008779,FUTCUR,GBPINR,5,29-Jan-2018,GBPJANAPR18,
1006389,1008689,FUTCUR,GBPINR,,29-May-2017,72057606922830154,1,,FUTCUR,GBPINR,,26-Apr-2018,3,,,0,,,0,0,1,1,25000,1,1,25000,1,N,1008789,FUTCUR,GBPINR,5,29-May-2017,GBPMAYAPR18,
1007288,1008689,FUTCUR,GBPINR,,27-Oct-2017,72057606922830159,1,,FUTCUR,GBPINR,,26-Apr-2018,3,,,0,,,0,0,1,1,25000,1,1,25000,1,N,1008790,FUTCUR,GBPINR,5,27-Oct-2017,GBPOCTAPR18,
1007115,1008689,FUTCUR,GBPINR,,27-Sep-2017,72057606922830158,1,,FUTCUR,GBPINR,,26-Apr-2018,3,,,0,,,0,0,1,1,25000,1,1,25000,1,N,1008793,FUTCUR,GBPINR,5,27-Sep-2017,GBPSEPAPR18,
1007758,1008689,FUTCUR,GBPINR,,27-Dec-2017,72057606922830161,1,,FUTCUR,GBPINR,,26-Apr-2018,3,,,0,,,0,0,1,1,25000,1,1,25000,1,N,1008799,FUTCUR,GBPINR,5,27-Dec-2017,GBPDECAPR18,
1006385,1006586,FUTCUR,EURINR,,29-May-2017,72057602627862758,1,,FUTCUR,EURINR,,28-Jun-2017,2,,,0,,,0,0,1,1,25000,1,1,25000,1,N,1006663,FUTCUR,EURINR,5,29-May-2017,EURMAYJUN17,
1006385,1006764,FUTCUR,EURINR,,29-May-2017,72057602627862768,1,,FUTCUR,EURINR,,27-Jul-2017,2,,,0,,,0,0,1,1,25000,1,1,25000,1,N,1006816,FUTCUR,EURINR,5,29-May-2017,EURMAYJUL17,
1006586,1006764,FUTCUR,EURINR,,28-Jun-2017,72057602627862769,1,,FUTCUR,EURINR,,27-Jul-2017,2,,,0,,,0,0,1,1,25000,1,1,25000,1,N,1006819,FUTCUR,EURINR,5,28-Jun-2017,EURJUNJUL17,
1006764,1006961,FUTCUR,EURINR,,27-Jul-2017,72057602627862780,1,,FUTCUR,EURINR,,29-Aug-2017,2,,,0,,,0,0,1,1,25000,1,1,25000,1,N,1007024,FUTCUR,EURINR,5,27-Jul-2017,EURJULAUG17,
1006385,1006961,FUTCUR,EURINR,,29-May-2017,72057602627862778,1,,FUTCUR,EURINR,,29-Aug-2017,2,,,0,,,0,0,1,1,25000,1,1,25000,1,N,1007045,FUTCUR,EURINR,5,29-May-2017,EURMAYAUG17,
1006586,1006961,FUTCUR,EURINR,,28-Jun-2017,72057602627862779,1,,FUTCUR,EURINR,,29-Aug-2017,2,,,0,,,0,0,1,1,25000,1,1,25000,1,N,1007050,FUTCUR,EURINR,5,28-Jun-2017,EURJUNAUG17,
1006586,1007155,FUTCUR,EURINR,,28-Jun-2017,72057602627862789,1,,FUTCUR,EURINR,,27-Sep-2017,2,,,0,,,0,0,1,1,25000,1,1,25000,1,N,1007163,FUTCUR,EURINR,5,28-Jun-2017,EURJUNSEP17,
1006764,1007155,FUTCUR,EURINR,,27-Jul-2017,72057602627862790,1,,FUTCUR,EURINR,,27-Sep-2017,2,,,0,,,0,0,1,1,25000,1,1,25000,1,N,1007185,FUTCUR,EURINR,5,27-Jul-2017,EURJULSEP17,
1006961,1007155,FUTCUR,EURINR,,29-Aug-2017,72057602627862791,1,,FUTCUR,EURINR,,27-Sep-2017,2,,,0,,,0,0,1,1,25000,1,1,25000,1,N,1007188,FUTCUR,EURINR,5,29-Aug-2017,EURAUGSEP17,
1006385,1007155,FUTCUR,EURINR,,29-May-2017,72057602627862788,1,,FUTCUR,EURINR,,27-Sep-2017,2,,,0,,,0,0,1,1,25000,1,1,25000,1,N,1007208,FUTCUR,EURINR,5,29-May-2017,EURMAYSEP17,
1006764,1007323,FUTCUR,EURINR,,27-Jul-2017,72057602627862800,1,,FUTCUR,EURINR,,27-Oct-2017,2,,,0,,,0,0,1,1,25000,1,1,25000,1,N,1007354,FUTCUR,EURINR,5,27-Jul-2017,EURJULOCT17,
1006961,1007323,FUTCUR,EURINR,,29-Aug-2017,72057602627862801,1,,FUTCUR,EURINR,,27-Oct-2017,2,,,0,,,0,0,1,1,25000,1,1,25000,1,N,1007358,FUTCUR,EURINR,5,29-Aug-2017,EURAUGOCT17,
1006385,1007323,FUTCUR,EURINR,,29-May-2017,72057602627862798,1,,FUTCUR,EURINR,,27-Oct-2017,2,,,0,,,0,0,1,1,25000,1,1,25000,1,N,1007379,FUTCUR,EURINR,5,29-May-2017,EURMAYOCT17,
1006586,1007323,FUTCUR,EURINR,,28-Jun-2017,72057602627862799,1,,FUTCUR,EURINR,,27-Oct-2017,2,,,0,,,0,0,1,1,25000,1,1,25000,1,N,1007380,FUTCUR,EURINR,5,28-Jun-2017,EURJUNOCT17,
1007155,1007323,FUTCUR,EURINR,,27-Sep-2017,72057602627862802,1,,FUTCUR,EURINR,,27-Oct-2017,2,,,0,,,0,0,1,1,25000,1,1,25000,1,N,1007397,FUTCUR,EURINR,5,27-Sep-2017,EURSEPOCT17,
1007323,1007619,FUTCUR,EURINR,,27-Oct-2017,72057602627862813,1,,FUTCUR,EURINR,,28-Nov-2017,2,,,0,,,0,0,1,1,25000,1,1,25000,1,N,1007666,FUTCUR,EURINR,5,27-Oct-2017,EUROCTNOV17,
1007155,1007619,FUTCUR,EURINR,,27-Sep-2017,72057602627862812,1,,FUTCUR,EURINR,,28-Nov-2017,2,,,0,,,0,0,1,1,25000,1,1,25000,1,N,1007675,FUTCUR,EURINR,5,27-Sep-2017,EURSEPNOV17,
1006764,1007619,FUTCUR,EURINR,,27-Jul-2017,72057602627862810,1,,FUTCUR,EURINR,,28-Nov-2017,2,,,0,,,0,0,1,1,25000,1,1,25000,1,N,1007680,FUTCUR,EURINR,5,27-Jul-2017,EURJULNOV17,
1006961,1007619,FUTCUR,EURINR,,29-Aug-2017,72057602627862811,1,,FUTCUR,EURINR,,28-Nov-2017,2,,,0,,,0,0,1,1,25000,1,1,25000,1,N,1007682,FUTCUR,EURINR,5,29-Aug-2017,EURAUGNOV17,
1006385,1007619,FUTCUR,EURINR,,29-May-2017,72057602627862808,1,,FUTCUR,EURINR,,28-Nov-2017,2,,,0,,,0,0,1,1,25000,1,1,25000,1,N,1007702,FUTCUR,EURINR,5,29-May-2017,EURMAYNOV17,
1006586,1007619,FUTCUR,EURINR,,28-Jun-2017,72057602627862809,1,,FUTCUR,EURINR,,28-Nov-2017,2,,,0,,,0,0,1,1,25000,1,1,25000,1,N,1007705,FUTCUR,EURINR,5,28-Jun-2017,EURJUNNOV17,
1006961,1007737,FUTCUR,EURINR,,29-Aug-2017,72057602627862821,1,,FUTCUR,EURINR,,27-Dec-2017,2,,,0,,,0,0,1,1,25000,1,1,25000,1,N,1007813,FUTCUR,EURINR,5,29-Aug-2017,EURAUGDEC17,
1007619,1007737,FUTCUR,EURINR,,28-Nov-2017,72057602627862824,1,,FUTCUR,EURINR,,27-Dec-2017,2,,,0,,,0,0,1,1,25000,1,1,25000,1,N,1007822,FUTCUR,EURINR,5,28-Nov-2017,EURNOVDEC17,
1006385,1007737,FUTCUR,EURINR,,29-May-2017,72057602627862818,1,,FUTCUR,EURINR,,27-Dec-2017,2,,,0,,,0,0,1,1,25000,1,1,25000,1,N,1007833,FUTCUR,EURINR,5,29-May-2017,EURMAYDEC17,
1006586,1007737,FUTCUR,EURINR,,28-Jun-2017,72057602627862819,1,,FUTCUR,EURINR,,27-Dec-2017,2,,,0,,,0,0,1,1,25000,1,1,25000,1,N,1007838,FUTCUR,EURINR,5,28-Jun-2017,EURJUNDEC17,
1007323,1007737,FUTCUR,EURINR,,27-Oct-2017,72057602627862823,1,,FUTCUR,EURINR,,27-Dec-2017,2,,,0,,,0,0,1,1,25000,1,1,25000,1,N,1007843,FUTCUR,EURINR,5,27-Oct-2017,EUROCTDEC17,
1007155,1007737,FUTCUR,EURINR,,27-Sep-2017,72057602627862822,1,,FUTCUR,EURINR,,27-Dec-2017,2,,,0,,,0,0,1,1,25000,1,1,25000,1,N,1007851,FUTCUR,EURINR,5,27-Sep-2017,EURSEPDEC17,
1006764,1007737,FUTCUR,EURINR,,27-Jul-2017,72057602627862820,1,,FUTCUR,EURINR,,27-Dec-2017,2,,,0,,,0,0,1,1,25000,1,1,25000,1,N,1007856,FUTCUR,EURINR,5,27-Jul-2017,EURJULDEC17,
1006586,1007946,FUTCUR,EURINR,,28-Jun-2017,72057602627862829,1,,FUTCUR,EURINR,,29-Jan-2018,2,,,0,,,0,0,1,1,25000,1,1,25000,1,N,1008081,FUTCUR,EURINR,5,28-Jun-2017,EURJUNJAN18,
1007323,1007946,FUTCUR,EURINR,,27-Oct-2017,72057602627862833,1,,FUTCUR,EURINR,,29-Jan-2018,2,,,0,,,0,0,1,1,25000,1,1,25000,1,N,1008085,FUTCUR,EURINR,5,27-Oct-2017,EUROCTJAN18,
1007155,1007946,FUTCUR,EURINR,,27-Sep-2017,72057602627862832,1,,FUTCUR,EURINR,,29-Jan-2018,2,,,0,,,0,0,1,1,25000,1,1,25000,1,N,1008092,FUTCUR,EURINR,5,27-Sep-2017,EURSEPJAN18,
1006764,1007946,FUTCUR,EURINR,,27-Jul-2017,72057602627862830,1,,FUTCUR,EURINR,,29-Jan-2018,2,,,0,,,0,0,1,1,25000,1,1,25000,1,N,1008098,FUTCUR,EURINR,5,27-Jul-2017,EURJULJAN18,
1006961,1007946,FUTCUR,EURINR,,29-Aug-2017,72057602627862831,1,,FUTCUR,EURINR,,29-Jan-2018,2,,,0,,,0,0,1,1,25000,1,1,25000,1,N,1008100,FUTCUR,EURINR,5,29-Aug-2017,EURAUGJAN18,
1007737,1007946,FUTCUR,EURINR,,27-Dec-2017,72057602627862835,1,,FUTCUR,EURINR,,29-Jan-2018,2,,,0,,,0,0,1,1,25000,1,1,25000,1,N,1008108,FUTCUR,EURINR,5,27-Dec-2017,EURDECJAN18,
1007619,1007946,FUTCUR,EURINR,,28-Nov-2017,72057602627862834,1,,FUTCUR,EURINR,,29-Jan-2018,2,,,0,,,0,0,1,1,25000,1,1,25000,1,N,1008111,FUTCUR,EURINR,5,28-Nov-2017,EURNOVJAN18,
1006385,1007946,FUTCUR,EURINR,,29-May-2017,72057602627862828,1,,FUTCUR,EURINR,,29-Jan-2018,2,,,0,,,0,0,1,1,25000,1,1,25000,1,N,1008123,FUTCUR,EURINR,5,29-May-2017,EURMAYJAN18,
1006385,1008200,FUTCUR,EURINR,,29-May-2017,72057602627862838,1,,FUTCUR,EURINR,,26-Feb-2018,2,,,0,,,0,0,1,1,25000,1,1,25000,1,N,1008273,FUTCUR,EURINR,5,29-May-2017,EURMAYFEB18,
1006586,1008200,FUTCUR,EURINR,,28-Jun-2017,72057602627862839,1,,FUTCUR,EURINR,,26-Feb-2018,2,,,0,,,0,0,1,1,25000,1,1,25000,1,N,1008276,FUTCUR,EURINR,5,28-Jun-2017,EURJUNFEB18,
1007323,1008200,FUTCUR,EURINR,,27-Oct-2017,72057602627862843,1,,FUTCUR,EURINR,,26-Feb-2018,2,,,0,,,0,0,1,1,25000,1,1,25000,1,N,1008285,FUTCUR,EURINR,5,27-Oct-2017,EUROCTFEB18,
1007946,1008200,FUTCUR,EURINR,,29-Jan-2018,72057602627862846,1,,FUTCUR,EURINR,,26-Feb-2018,2,,,0,,,0,0,1,1,25000,1,1,25000,1,N,1008290,FUTCUR,EURINR,5,29-Jan-2018,EURJANFEB18,
1007155,1008200,FUTCUR,EURINR,,27-Sep-2017,72057602627862842,1,,FUTCUR,EURINR,,26-Feb-2018,2,,,0,,,0,0,1,1,25000,1,1,25000,1,N,1008301,FUTCUR,EURINR,5,27-Sep-2017,EURSEPFEB18,
1006764,1008200,FUTCUR,EURINR,,27-Jul-2017,72057602627862840,1,,FUTCUR,EURINR,,26-Feb-2018,2,,,0,,,0,0,1,1,25000,1,1,25000,1,N,1008305,FUTCUR,EURINR,5,27-Jul-2017,EURJULFEB18,
1006961,1008200,FUTCUR,EURINR,,29-Aug-2017,72057602627862841,1,,FUTCUR,EURINR,,26-Feb-2018,2,,,0,,,0,0,1,1,25000,1,1,25000,1,N,1008313,FUTCUR,EURINR,5,29-Aug-2017,EURAUGFEB18,
1007737,1008200,FUTCUR,EURINR,,27-Dec-2017,72057602627862845,1,,FUTCUR,EURINR,,26-Feb-2018,2,,,0,,,0,0,1,1,25000,1,1,25000,1,N,1008332,FUTCUR,EURINR,5,27-Dec-2017,EURDECFEB18,
1007619,1008200,FUTCUR,EURINR,,28-Nov-2017,72057602627862844,1,,FUTCUR,EURINR,,26-Feb-2018,2,,,0,,,0,0,1,1,25000,1,1,25000,1,N,1008334,FUTCUR,EURINR,5,28-Nov-2017,EURNOVFEB18,
1007737,1008455,FUTCUR,EURINR,,27-Dec-2017,72057602627862855,1,,FUTCUR,EURINR,,28-Mar-2018,2,,,0,,,0,0,1,1,25000,1,1,25000,1,N,1008543,FUTCUR,EURINR,5,27-Dec-2017,EURDECMAR18,
1007619,1008455,FUTCUR,EURINR,,28-Nov-2017,72057602627862854,1,,FUTCUR,EURINR,,28-Mar-2018,2,,,0,,,0,0,1,1,25000,1,1,25000,1,N,1008547,FUTCUR,EURINR,5,28-Nov-2017,EURNOVMAR18,
1006385,1008455,FUTCUR,EURINR,,29-May-2017,72057602627862848,1,,FUTCUR,EURINR,,28-Mar-2018,2,,,0,,,0,0,1,1,25000,1,1,25000,1,N,1008556,FUTCUR,EURINR,5,29-May-2017,EURMAYMAR18,
1006586,1008455,FUTCUR,EURINR,,28-Jun-2017,72057602627862849,1,,FUTCUR,EURINR,,28-Mar-2018,2,,,0,,,0,0,1,1,25000,1,1,25000,1,N,1008557,FUTCUR,EURINR,5,28-Jun-2017,EURJUNMAR18,
1007323,1008455,FUTCUR,EURINR,,27-Oct-2017,72057602627862853,1,,FUTCUR,EURINR,,28-Mar-2018,2,,,0,,,0,0,1,1,25000,1,1,25000,1,N,1008560,FUTCUR,EURINR,5,27-Oct-2017,EUROCTMAR18,
1007946,1008455,FUTCUR,EURINR,,29-Jan-2018,72057602627862856,1,,FUTCUR,EURINR,,28-Mar-2018,2,,,0,,,0,0,1,1,25000,1,1,25000,1,N,1008563,FUTCUR,EURINR,5,29-Jan-2018,EURJANMAR18,
1007155,1008455,FUTCUR,EURINR,,27-Sep-2017,72057602627862852,1,,FUTCUR,EURINR,,28-Mar-2018,2,,,0,,,0,0,1,1,25000,1,1,25000,1,N,1008570,FUTCUR,EURINR,5,27-Sep-2017,EURSEPMAR18,
1006764,1008455,FUTCUR,EURINR,,27-Jul-2017,72057602627862850,1,,FUTCUR,EURINR,,28-Mar-2018,2,,,0,,,0,0,1,1,25000,1,1,25000,1,N,1008572,FUTCUR,EURINR,5,27-Jul-2017,EURJULMAR18,
1008200,1008455,FUTCUR,EURINR,,26-Feb-2018,72057602627862857,1,,FUTCUR,EURINR,,28-Mar-2018,2,,,0,,,0,0,1,1,25000,1,1,25000,1,N,1008577,FUTCUR,EURINR,5,26-Feb-2018,EURFEBMAR18,
1006961,1008455,FUTCUR,EURINR,,29-Aug-2017,72057602627862851,1,,FUTCUR,EURINR,,28-Mar-2018,2,,,0,,,0,0,1,1,25000,1,1,25000,1,N,1008579,FUTCUR,EURINR,5,29-Aug-2017,EURAUGMAR18,
1007155,1008685,FUTCUR,EURINR,,27-Sep-2017,72057602627862862,1,,FUTCUR,EURINR,,26-Apr-2018,2,,,0,,,0,0,1,1,25000,1,1,25000,1,N,1008758,FUTCUR,EURINR,5,27-Sep-2017,EURSEPAPR18,
1006764,1008685,FUTCUR,EURINR,,27-Jul-2017,72057602627862860,1,,FUTCUR,EURINR,,26-Apr-2018,2,,,0,,,0,0,1,1,25000,1,1,25000,1,N,1008760,FUTCUR,EURINR,5,27-Jul-2017,EURJULAPR18,
1008200,1008685,FUTCUR,EURINR,,26-Feb-2018,72057602627862867,1,,FUTCUR,EURINR,,26-Apr-2018,2,,,0,,,0,0,1,1,25000,1,1,25000,1,N,1008766,FUTCUR,EURINR,5,26-Feb-2018,EURFEBAPR18,
1006961,1008685,FUTCUR,EURINR,,29-Aug-2017,72057602627862861,1,,FUTCUR,EURINR,,26-Apr-2018,2,,,0,,,0,0,1,1,25000,1,1,25000,1,N,1008768,FUTCUR,EURINR,5,29-Aug-2017,EURAUGAPR18,
1007737,1008685,FUTCUR,EURINR,,27-Dec-2017,72057602627862865,1,,FUTCUR,EURINR,,26-Apr-2018,2,,,0,,,0,0,1,1,25000,1,1,25000,1,N,1008775,FUTCUR,EURINR,5,27-Dec-2017,EURDECAPR18,
1007619,1008685,FUTCUR,EURINR,,28-Nov-2017,72057602627862864,1,,FUTCUR,EURINR,,26-Apr-2018,2,,,0,,,0,0,1,1,25000,1,1,25000,1,N,1008777,FUTCUR,EURINR,5,28-Nov-2017,EURNOVAPR18,
1006385,1008685,FUTCUR,EURINR,,29-May-2017,72057602627862858,1,,FUTCUR,EURINR,,26-Apr-2018,2,,,0,,,0,0,1,1,25000,1,1,25000,1,N,1008791,FUTCUR,EURINR,5,29-May-2017,EURMAYAPR18,
1006586,1008685,FUTCUR,EURINR,,28-Jun-2017,72057602627862859,1,,FUTCUR,EURINR,,26-Apr-2018,2,,,0,,,0,0,1,1,25000,1,1,25000,1,N,1008792,FUTCUR,EURINR,5,28-Jun-2017,EURJUNAPR18,
1008455,1008685,FUTCUR,EURINR,,28-Mar-2018,72057602627862868,1,,FUTCUR,EURINR,,26-Apr-2018,2,,,0,,,0,0,1,1,25000,1,1,25000,1,N,1008794,FUTCUR,EURINR,5,28-Mar-2018,EURMARAPR18,
1007323,1008685,FUTCUR,EURINR,,27-Oct-2017,72057602627862863,1,,FUTCUR,EURINR,,26-Apr-2018,2,,,0,,,0,0,1,1,25000,1,1,25000,1,N,1008796,FUTCUR,EURINR,5,27-Oct-2017,EUROCTAPR18,
1007946,1008685,FUTCUR,EURINR,,29-Jan-2018,72057602627862866,1,,FUTCUR,EURINR,,26-Apr-2018,2,,,0,,,0,0,1,1,25000,1,1,25000,1,N,1008798,FUTCUR,EURINR,5,29-Jan-2018,EURJANAPR18,
1006394,1006594,FUTCUR,JPYINR,,29-May-2017,72057611217797350,1,,FUTCUR,JPYINR,,28-Jun-2017,4,,,0,,,0,0,1,1,25000,1,1,25000,1,N,1006670,FUTCUR,JPYINR,5,29-May-2017,JPYMAYJUN17,
1006394,1006771,FUTCUR,JPYINR,,29-May-2017,72057611217797360,1,,FUTCUR,JPYINR,,27-Jul-2017,4,,,0,,,0,0,1,1,25000,1,1,25000,1,N,1006824,FUTCUR,JPYINR,5,29-May-2017,JPYMAYJUL17,
1006594,1006771,FUTCUR,JPYINR,,28-Jun-2017,72057611217797361,1,,FUTCUR,JPYINR,,27-Jul-2017,4,,,0,,,0,0,1,1,25000,1,1,25000,1,N,1006843,FUTCUR,JPYINR,5,28-Jun-2017,JPYJUNJUL17,
1006771,1006965,FUTCUR,JPYINR,,27-Jul-2017,72057611217797372,1,,FUTCUR,JPYINR,,29-Aug-2017,4,,,0,,,0,0,1,1,25000,1,1,25000,1,N,1007023,FUTCUR,JPYINR,5,27-Jul-2017,JPYJULAUG17,
1006594,1006965,FUTCUR,JPYINR,,28-Jun-2017,72057611217797371,1,,FUTCUR,JPYINR,,29-Aug-2017,4,,,0,,,0,0,1,1,25000,1,1,25000,1,N,1007028,FUTCUR,JPYINR,5,28-Jun-2017,JPYJUNAUG17,
1006394,1006965,FUTCUR,JPYINR,,29-May-2017,72057611217797370,1,,FUTCUR,JPYINR,,29-Aug-2017,4,,,0,,,0,0,1,1,25000,1,1,25000,1,N,1007053,FUTCUR,JPYINR,5,29-May-2017,JPYMAYAUG17,
1006394,1007162,FUTCUR,JPYINR,,29-May-2017,72057611217797380,1,,FUTCUR,JPYINR,,27-Sep-2017,4,,,0,,,0,0,1,1,25000,1,1,25000,1,N,1007167,FUTCUR,JPYINR,5,29-May-2017,JPYMAYSEP17,
1006965,1007162,FUTCUR,JPYINR,,29-Aug-2017,72057611217797383,1,,FUTCUR,JPYINR,,27-Sep-2017,4,,,0,,,0,0,1,1,25000,1,1,25000,1,N,1007170,FUTCUR,JPYINR,5,29-Aug-2017,JPYAUGSEP17,
1006771,1007162,FUTCUR,JPYINR,,27-Jul-2017,72057611217797382,1,,FUTCUR,JPYINR,,27-Sep-2017,4,,,0,,,0,0,1,1,25000,1,1,25000,1,N,1007182,FUTCUR,JPYINR,5,27-Jul-2017,JPYJULSEP17,
1006594,1007162,FUTCUR,JPYINR,,28-Jun-2017,72057611217797381,1,,FUTCUR,JPYINR,,27-Sep-2017,4,,,0,,,0,0,1,1,25000,1,1,25000,1,N,1007187,FUTCUR,JPYINR,5,28-Jun-2017,JPYJUNSEP17,
1006594,1007290,FUTCUR,JPYINR,,28-Jun-2017,72057611217797391,1,,FUTCUR,JPYINR,,27-Oct-2017,4,,,0,,,0,0,1,1,25000,1,1,25000,1,N,1007356,FUTCUR,JPYINR,5,28-Jun-2017,JPYJUNOCT17,
1006394,1007290,FUTCUR,JPYINR,,29-May-2017,72057611217797390,1,,FUTCUR,JPYINR,,27-Oct-2017,4,,,0,,,0,0,1,1,25000,1,1,25000,1,N,1007384,FUTCUR,JPYINR,5,29-May-2017,JPYMAYOCT17,
1006965,1007290,FUTCUR,JPYINR,,29-Aug-2017,72057611217797393,1,,FUTCUR,JPYINR,,27-Oct-2017,4,,,0,,,0,0,1,1,25000,1,1,25000,1,N,1007386,FUTCUR,JPYINR,5,29-Aug-2017,JPYAUGOCT17,
1007162,1007290,FUTCUR,JPYINR,,27-Sep-2017,72057611217797394,1,,FUTCUR,JPYINR,,27-Oct-2017,4,,,0,,,0,0,1,1,25000,1,1,25000,1,N,1007395,FUTCUR,JPYINR,5,27-Sep-2017,JPYSEPOCT17,
1006771,1007290,FUTCUR,JPYINR,,27-Jul-2017,72057611217797392,1,,FUTCUR,JPYINR,,27-Oct-2017,4,,,0,,,0,0,1,1,25000,1,1,25000,1,N,1007399,FUTCUR,JPYINR,5,27-Jul-2017,JPYJULOCT17,
1006965,1007623,FUTCUR,JPYINR,,29-Aug-2017,72057611217797403,1,,FUTCUR,JPYINR,,28-Nov-2017,4,,,0,,,0,0,1,1,25000,1,1,25000,1,N,1007667,FUTCUR,JPYINR,5,29-Aug-2017,JPYAUGNOV17,
1007162,1007623,FUTCUR,JPYINR,,27-Sep-2017,72057611217797404,1,,FUTCUR,JPYINR,,28-Nov-2017,4,,,0,,,0,0,1,1,25000,1,1,25000,1,N,1007673,FUTCUR,JPYINR,5,27-Sep-2017,JPYSEPNOV17,
1006771,1007623,FUTCUR,JPYINR,,27-Jul-2017,72057611217797402,1,,FUTCUR,JPYINR,,28-Nov-2017,4,,,0,,,0,0,1,1,25000,1,1,25000,1,N,1007677,FUTCUR,JPYINR,5,27-Jul-2017,JPYJULNOV17,
1006594,1007623,FUTCUR,JPYINR,,28-Jun-2017,72057611217797401,1,,FUTCUR,JPYINR,,28-Nov-2017,4,,,0,,,0,0,1,1,25000,1,1,25000,1,N,1007681,FUTCUR,JPYINR,5,28-Jun-2017,JPYJUNNOV17,
1007290,1007623,FUTCUR,JPYINR,,27-Oct-2017,72057611217797405,1,,FUTCUR,JPYINR,,28-Nov-2017,4,,,0,,,0,0,1,1,25000,1,1,25000,1,N,1007693,FUTCUR,JPYINR,5,27-Oct-2017,JPYOCTNOV17,
1006394,1007623,FUTCUR,JPYINR,,29-May-2017,72057611217797400,1,,FUTCUR,JPYINR,,28-Nov-2017,4,,,0,,,0,0,1,1,25000,1,1,25000,1,N,1007707,FUTCUR,JPYINR,5,29-May-2017,JPYMAYNOV17,
1007290,1007744,FUTCUR,JPYINR,,27-Oct-2017,72057611217797415,1,,FUTCUR,JPYINR,,27-Dec-2017,4,,,0,,,0,0,1,1,25000,1,1,25000,1,N,1007826,FUTCUR,JPYINR,5,27-Oct-2017,JPYOCTDEC17,
1006394,1007744,FUTCUR,JPYINR,,29-May-2017,72057611217797410,1,,FUTCUR,JPYINR,,27-Dec-2017,4,,,0,,,0,0,1,1,25000,1,1,25000,1,N,1007841,FUTCUR,JPYINR,5,29-May-2017,JPYMAYDEC17,
1006965,1007744,FUTCUR,JPYINR,,29-Aug-2017,72057611217797413,1,,FUTCUR,JPYINR,,27-Dec-2017,4,,,0,,,0,0,1,1,25000,1,1,25000,1,N,1007844,FUTCUR,JPYINR,5,29-Aug-2017,JPYAUGDEC17,
1007162,1007744,FUTCUR,JPYINR,,27-Sep-2017,72057611217797414,1,,FUTCUR,JPYINR,,27-Dec-2017,4,,,0,,,0,0,1,1,25000,1,1,25000,1,N,1007849,FUTCUR,JPYINR,5,27-Sep-2017,JPYSEPDEC17,
1006771,1007744,FUTCUR,JPYINR,,27-Jul-2017,72057611217797412,1,,FUTCUR,JPYINR,,27-Dec-2017,4,,,0,,,0,0,1,1,25000,1,1,25000,1,N,1007853,FUTCUR,JPYINR,5,27-Jul-2017,JPYJULDEC17,
1007623,1007744,FUTCUR,JPYINR,,28-Nov-2017,72057611217797416,1,,FUTCUR,JPYINR,,27-Dec-2017,4,,,0,,,0,0,1,1,25000,1,1,25000,1,N,1007857,FUTCUR,JPYINR,5,28-Nov-2017,JPYNOVDEC17,
1006594,1007744,FUTCUR,JPYINR,,28-Jun-2017,72057611217797411,1,,FUTCUR,JPYINR,,27-Dec-2017,4,,,0,,,0,0,1,1,25000,1,1,25000,1,N,1007858,FUTCUR,JPYINR,5,28-Jun-2017,JPYJUNDEC17,
1006965,1007976,FUTCUR,JPYINR,,29-Aug-2017,72057611217797423,1,,FUTCUR,JPYINR,,29-Jan-2018,4,,,0,,,0,0,1,1,25000,1,1,25000,1,N,1008082,FUTCUR,JPYINR,5,29-Aug-2017,JPYAUGJAN18,
1007162,1007976,FUTCUR,JPYINR,,27-Sep-2017,72057611217797424,1,,FUTCUR,JPYINR,,29-Jan-2018,4,,,0,,,0,0,1,1,25000,1,1,25000,1,N,1008089,FUTCUR,JPYINR,5,27-Sep-2017,JPYSEPJAN18,
1006771,1007976,FUTCUR,JPYINR,,27-Jul-2017,72057611217797422,1,,FUTCUR,JPYINR,,29-Jan-2018,4,,,0,,,0,0,1,1,25000,1,1,25000,1,N,1008090,FUTCUR,JPYINR,5,27-Jul-2017,JPYJULJAN18,
1007623,1007976,FUTCUR,JPYINR,,28-Nov-2017,72057611217797426,1,,FUTCUR,JPYINR,,29-Jan-2018,4,,,0,,,0,0,1,1,25000,1,1,25000,1,N,1008093,FUTCUR,JPYINR,5,28-Nov-2017,JPYNOVJAN18,
1006594,1007976,FUTCUR,JPYINR,,28-Jun-2017,72057611217797421,1,,FUTCUR,JPYINR,,29-Jan-2018,4,,,0,,,0,0,1,1,25000,1,1,25000,1,N,1008094,FUTCUR,JPYINR,5,28-Jun-2017,JPYJUNJAN18,
1007744,1007976,FUTCUR,JPYINR,,27-Dec-2017,72057611217797427,1,,FUTCUR,JPYINR,,29-Jan-2018,4,,,0,,,0,0,1,1,25000,1,1,25000,1,N,1008102,FUTCUR,JPYINR,5,27-Dec-2017,JPYDECJAN18,
1007290,1007976,FUTCUR,JPYINR,,27-Oct-2017,72057611217797425,1,,FUTCUR,JPYINR,,29-Jan-2018,4,,,0,,,0,0,1,1,25000,1,1,25000,1,N,1008112,FUTCUR,JPYINR,5,27-Oct-2017,JPYOCTJAN18,
1006394,1007976,FUTCUR,JPYINR,,29-May-2017,72057611217797420,1,,FUTCUR,JPYINR,,29-Jan-2018,4,,,0,,,0,0,1,1,25000,1,1,25000,1,N,1008124,FUTCUR,JPYINR,5,29-May-2017,JPYMAYJAN18,
1006394,1008207,FUTCUR,JPYINR,,29-May-2017,72057611217797430,1,,FUTCUR,JPYINR,,26-Feb-2018,4,,,0,,,0,0,1,1,25000,1,1,25000,1,N,1008283,FUTCUR,JPYINR,5,29-May-2017,JPYMAYFEB18,
1006965,1008207,FUTCUR,JPYINR,,29-Aug-2017,72057611217797433,1,,FUTCUR,JPYINR,,26-Feb-2018,4,,,0,,,0,0,1,1,25000,1,1,25000,1,N,1008288,FUTCUR,JPYINR,5,29-Aug-2017,JPYAUGFEB18,
1007162,1008207,FUTCUR,JPYINR,,27-Sep-2017,72057611217797434,1,,FUTCUR,JPYINR,,26-Feb-2018,4,,,0,,,0,0,1,1,25000,1,1,25000,1,N,1008300,FUTCUR,JPYINR,5,27-Sep-2017,JPYSEPFEB18,
1006771,1008207,FUTCUR,JPYINR,,27-Jul-2017,72057611217797432,1,,FUTCUR,JPYINR,,26-Feb-2018,4,,,0,,,0,0,1,1,25000,1,1,25000,1,N,1008303,FUTCUR,JPYINR,5,27-Jul-2017,JPYJULFEB18,
1007623,1008207,FUTCUR,JPYINR,,28-Nov-2017,72057611217797436,1,,FUTCUR,JPYINR,,26-Feb-2018,4,,,0,,,0,0,1,1,25000,1,1,25000,1,N,1008307,FUTCUR,JPYINR,5,28-Nov-2017,JPYNOVFEB18,
1006594,1008207,FUTCUR,JPYINR,,28-Jun-2017,72057611217797431,1,,FUTCUR,JPYINR,,26-Feb-2018,4,,,0,,,0,0,1,1,25000,1,1,25000,1,N,1008309,FUTCUR,JPYINR,5,28-Jun-2017,JPYJUNFEB18,
1007976,1008207,FUTCUR,JPYINR,,29-Jan-2018,72057611217797438,1,,FUTCUR,JPYINR,,26-Feb-2018,4,,,0,,,0,0,1,1,25000,1,1,25000,1,N,1008320,FUTCUR,JPYINR,5,29-Jan-2018,JPYJANFEB18,
1007744,1008207,FUTCUR,JPYINR,,27-Dec-2017,72057611217797437,1,,FUTCUR,JPYINR,,26-Feb-2018,4,,,0,,,0,0,1,1,25000,1,1,25000,1,N,1008330,FUTCUR,JPYINR,5,27-Dec-2017,JPYDECFEB18,
1007290,1008207,FUTCUR,JPYINR,,27-Oct-2017,72057611217797435,1,,FUTCUR,JPYINR,,26-Feb-2018,4,,,0,,,0,0,1,1,25000,1,1,25000,1,N,1008344,FUTCUR,JPYINR,5,27-Oct-2017,JPYOCTFEB18,
1007744,1008463,FUTCUR,JPYINR,,27-Dec-2017,72057611217797447,1,,FUTCUR,JPYINR,,28-Mar-2018,4,,,0,,,0,0,1,1,25000,1,1,25000,1,N,1008537,FUTCUR,JPYINR,5,27-Dec-2017,JPYDECMAR18,
1008207,1008463,FUTCUR,JPYINR,,26-Feb-2018,72057611217797449,1,,FUTCUR,JPYINR,,28-Mar-2018,4,,,0,,,0,0,1,1,25000,1,1,25000,1,N,1008542,FUTCUR,JPYINR,5,26-Feb-2018,JPYFEBMAR18,
1007290,1008463,FUTCUR,JPYINR,,27-Oct-2017,72057611217797445,1,,FUTCUR,JPYINR,,28-Mar-2018,4,,,0,,,0,0,1,1,25000,1,1,25000,1,N,1008549,FUTCUR,JPYINR,5,27-Oct-2017,JPYOCTMAR18,
1006394,1008463,FUTCUR,JPYINR,,29-May-2017,72057611217797440,1,,FUTCUR,JPYINR,,28-Mar-2018,4,,,0,,,0,0,1,1,25000,1,1,25000,1,N,1008559,FUTCUR,JPYINR,5,29-May-2017,JPYMAYMAR18,
1006965,1008463,FUTCUR,JPYINR,,29-Aug-2017,72057611217797443,1,,FUTCUR,JPYINR,,28-Mar-2018,4,,,0,,,0,0,1,1,25000,1,1,25000,1,N,1008562,FUTCUR,JPYINR,5,29-Aug-2017,JPYAUGMAR18,
1007162,1008463,FUTCUR,JPYINR,,27-Sep-2017,72057611217797444,1,,FUTCUR,JPYINR,,28-Mar-2018,4,,,0,,,0,0,1,1,25000,1,1,25000,1,N,1008569,FUTCUR,JPYINR,5,27-Sep-2017,JPYSEPMAR18,
1006771,1008463,FUTCUR,JPYINR,,27-Jul-2017,72057611217797442,1,,FUTCUR,JPYINR,,28-Mar-2018,4,,,0,,,0,0,1,1,25000,1,1,25000,1,N,1008571,FUTCUR,JPYINR,5,27-Jul-2017,JPYJULMAR18,
1007623,1008463,FUTCUR,JPYINR,,28-Nov-2017,72057611217797446,1,,FUTCUR,JPYINR,,28-Mar-2018,4,,,0,,,0,0,1,1,25000,1,1,25000,1,N,1008573,FUTCUR,JPYINR,5,28-Nov-2017,JPYNOVMAR18,
1006594,1008463,FUTCUR,JPYINR,,28-Jun-2017,72057611217797441,1,,FUTCUR,JPYINR,,28-Mar-2018,4,,,0,,,0,0,1,1,25000,1,1,25000,1,N,1008574,FUTCUR,JPYINR,5,28-Jun-2017,JPYJUNMAR18,
1007976,1008463,FUTCUR,JPYINR,,29-Jan-2018,72057611217797448,1,,FUTCUR,JPYINR,,28-Mar-2018,4,,,0,,,0,0,1,1,25000,1,1,25000,1,N,1008580,FUTCUR,JPYINR,5,29-Jan-2018,JPYJANMAR18,
1007162,1008693,FUTCUR,JPYINR,,27-Sep-2017,72057611217797454,1,,FUTCUR,JPYINR,,26-Apr-2018,4,,,0,,,0,0,1,1,25000,1,1,25000,1,N,1008756,FUTCUR,JPYINR,5,27-Sep-2017,JPYSEPAPR18,
1006771,1008693,FUTCUR,JPYINR,,27-Jul-2017,72057611217797452,1,,FUTCUR,JPYINR,,26-Apr-2018,4,,,0,,,0,0,1,1,25000,1,1,25000,1,N,1008759,FUTCUR,JPYINR,5,27-Jul-2017,JPYJULAPR18,
1007623,1008693,FUTCUR,JPYINR,,28-Nov-2017,72057611217797456,1,,FUTCUR,JPYINR,,26-Apr-2018,4,,,0,,,0,0,1,1,25000,1,1,25000,1,N,1008761,FUTCUR,JPYINR,5,28-Nov-2017,JPYNOVAPR18,
1006594,1008693,FUTCUR,JPYINR,,28-Jun-2017,72057611217797451,1,,FUTCUR,JPYINR,,26-Apr-2018,4,,,0,,,0,0,1,1,25000,1,1,25000,1,N,1008762,FUTCUR,JPYINR,5,28-Jun-2017,JPYJUNAPR18,
1008463,1008693,FUTCUR,JPYINR,,28-Mar-2018,72057611217797460,1,,FUTCUR,JPYINR,,26-Apr-2018,4,,,0,,,0,0,1,1,25000,1,1,25000,1,N,1008763,FUTCUR,JPYINR,5,28-Mar-2018,JPYMARAPR18,
1007976,1008693,FUTCUR,JPYINR,,29-Jan-2018,72057611217797458,1,,FUTCUR,JPYINR,,26-Apr-2018,4,,,0,,,0,0,1,1,25000,1,1,25000,1,N,1008770,FUTCUR,JPYINR,5,29-Jan-2018,JPYJANAPR18,
1007744,1008693,FUTCUR,JPYINR,,27-Dec-2017,72057611217797457,1,,FUTCUR,JPYINR,,26-Apr-2018,4,,,0,,,0,0,1,1,25000,1,1,25000,1,N,1008772,FUTCUR,JPYINR,5,27-Dec-2017,JPYDECAPR18,
1008207,1008693,FUTCUR,JPYINR,,26-Feb-2018,72057611217797459,1,,FUTCUR,JPYINR,,26-Apr-2018,4,,,0,,,0,0,1,1,25000,1,1,25000,1,N,1008774,FUTCUR,JPYINR,5,26-Feb-2018,JPYFEBAPR18,
1007290,1008693,FUTCUR,JPYINR,,27-Oct-2017,72057611217797455,1,,FUTCUR,JPYINR,,26-Apr-2018,4,,,0,,,0,0,1,1,25000,1,1,25000,1,N,1008785,FUTCUR,JPYINR,5,27-Oct-2017,JPYOCTAPR18,
1006394,1008693,FUTCUR,JPYINR,,29-May-2017,72057611217797450,1,,FUTCUR,JPYINR,,26-Apr-2018,4,,,0,,,0,0,1,1,25000,1,1,25000,1,N,1008795,FUTCUR,JPYINR,5,29-May-2017,JPYMAYAPR18,
1006965,1008693,FUTCUR,JPYINR,,29-Aug-2017,72057611217797453,1,,FUTCUR,JPYINR,,26-Apr-2018,4,,,0,,,0,0,1,1,25000,1,1,25000,1,N,1008797,FUTCUR,JPYINR,5,29-Aug-2017,JPYAUGAPR18,
1008171,1007742,FUTIRT,91DTB,,31-May-2017,72057624102699104,1,,FUTIRT,91DTB,,28-Jun-2017,7,,,0,,,0,0,1,1,25000,1,1,25000,1,N,1008226,FUTIRT,91DTB,5,31-May-2017,91DTBMAYJUN17,
1007742,1008499,FUTIRT,91DTB,,28-Jun-2017,72057624102699108,1,,FUTIRT,91DTB,,27-Sep-2017,7,,,0,,,0,0,1,1,25000,1,1,25000,1,N,1008541,FUTIRT,91DTB,5,28-Jun-2017,91DTBJUNSEP17,
1008171,1008499,FUTIRT,91DTB,,31-May-2017,72057624102699107,1,,FUTIRT,91DTB,,27-Sep-2017,7,,,0,,,0,0,1,1,25000,1,1,25000,1,N,1008546,FUTIRT,91DTB,5,31-May-2017,91DTBMAYSEP17,
1008679,1008499,FUTIRT,91DTB,,26-Jul-2017,72057624102699112,1,,FUTIRT,91DTB,,27-Sep-2017,7,,,0,,,0,0,1,1,25000,1,1,25000,1,N,1008776,FUTIRT,91DTB,5,26-Jul-2017,91DTBJULSEP17,
1007742,1008679,FUTIRT,91DTB,,28-Jun-2017,72057624102699111,1,,FUTIRT,91DTB,,26-Jul-2017,7,,,0,,,0,0,1,1,25000,1,1,25000,1,N,1008786,FUTIRT,91DTB,5,28-Jun-2017,91DTBJUNJUL17,
1008171,1008679,FUTIRT,91DTB,,31-May-2017,72057624102699110,1,,FUTIRT,91DTB,,26-Jul-2017,7,,,0,,,0,0,1,1,25000,1,1,25000,1,N,1008787,FUTIRT,91DTB,5,31-May-2017,91DTBMAYJUL17,
1007072,1007239,FUTIRD,697GS2026,,29-Jun-2017,72057761541652499,1,,FUTIRD,697GS2026,,28-Sep-2017,39,,,0,,,0,0,1,1,25000,1,1,25000,1,N,1007244,FUTIRD,697GS2026,5,29-Jun-2017,697GS2026JUNSEP17,
1007072,1007870,FUTIRD,697GS2026,,29-Jun-2017,72057761541652513,1,,FUTIRD,697GS2026,,28-Dec-2017,39,,,0,,,0,0,1,1,25000,1,1,25000,1,N,1007888,FUTIRD,697GS2026,5,29-Jun-2017,697GS2026JUNDEC17,
1007239,1007870,FUTIRD,697GS2026,,28-Sep-2017,72057761541652514,1,,FUTIRD,697GS2026,,28-Dec-2017,39,,,0,,,0,0,1,1,25000,1,1,25000,1,N,1007904,FUTIRD,697GS2026,5,28-Sep-2017,697GS2026SEPDEC17,
1007870,1008586,FUTIRD,697GS2026,,28-Dec-2017,72057761541652529,1,,FUTIRD,697GS2026,,29-Mar-2018,39,,,0,,,0,0,1,1,25000,1,1,25000,1,N,1008592,FUTIRD,697GS2026,5,28-Dec-2017,697GS2026DECMAR18,
1007072,1008586,FUTIRD,697GS2026,,29-Jun-2017,72057761541652527,1,,FUTIRD,697GS2026,,29-Mar-2018,39,,,0,,,0,0,1,1,25000,1,1,25000,1,N,1008598,FUTIRD,697GS2026,5,29-Jun-2017,697GS2026JUNMAR18,
1007239,1008586,FUTIRD,697GS2026,,28-Sep-2017,72057761541652528,1,,FUTIRD,697GS2026,,29-Mar-2018,39,,,0,,,0,0,1,1,25000,1,1,25000,1,N,1008612,FUTIRD,697GS2026,5,28-Sep-2017,697GS2026SEPMAR18,
1008801,1007239,FUTIRD,697GS2026,,27-Jul-2017,72057761541652532,1,,FUTIRD,697GS2026,,28-Sep-2017,39,,,0,,,0,0,1,1,25000,1,1,25000,1,N,1008811,FUTIRD,697GS2026,5,27-Jul-2017,697GS2026JULSEP17,
1008801,1008586,FUTIRD,697GS2026,,27-Jul-2017,72057761541652534,1,,FUTIRD,697GS2026,,29-Mar-2018,39,,,0,,,0,0,1,1,25000,1,1,25000,1,N,1008817,FUTIRD,697GS2026,5,27-Jul-2017,697GS2026JULMAR18,
1008801,1007870,FUTIRD,697GS2026,,27-Jul-2017,72057761541652533,1,,FUTIRD,697GS2026,,28-Dec-2017,39,,,0,,,0,0,1,1,25000,1,1,25000,1,N,1008822,FUTIRD,697GS2026,5,27-Jul-2017,697GS2026JULDEC17,
1007072,1008801,FUTIRD,697GS2026,,29-Jun-2017,72057761541652531,1,,FUTIRD,697GS2026,,27-Jul-2017,39,,,0,,,0,0,1,1,25000,1,1,25000,1,N,1008843,FUTIRD,697GS2026,5,29-Jun-2017,697GS2026JUNJUL17,
1008893,1008586,FUTIRD,697GS2026,,31-Aug-2017,72057761541652539,1,,FUTIRD,697GS2026,,29-Mar-2018,39,,,0,,,0,0,1,1,25000,1,1,25000,1,N,1008905,FUTIRD,697GS2026,5,31-Aug-2017,697GS2026AUGMAR18,
1008893,1007870,FUTIRD,697GS2026,,31-Aug-2017,72057761541652538,1,,FUTIRD,697GS2026,,28-Dec-2017,39,,,0,,,0,0,1,1,25000,1,1,25000,1,N,1008911,FUTIRD,697GS2026,5,31-Aug-2017,697GS2026AUGDEC17,
1007072,1008893,FUTIRD,697GS2026,,29-Jun-2017,72057761541652535,1,,FUTIRD,697GS2026,,31-Aug-2017,39,,,0,,,0,0,1,1,25000,1,1,25000,1,N,1008914,FUTIRD,697GS2026,5,29-Jun-2017,697GS2026JUNAUG17,
1008801,1008893,FUTIRD,697GS2026,,27-Jul-2017,72057761541652536,1,,FUTIRD,697GS2026,,31-Aug-2017,39,,,0,,,0,0,1,1,25000,1,1,25000,1,N,1008916,FUTIRD,697GS2026,5,27-Jul-2017,697GS2026JULAUG17,
1008893,1007239,FUTIRD,697GS2026,,31-Aug-2017,72057761541652537,1,,FUTIRD,697GS2026,,28-Sep-2017,39,,,0,,,0,0,1,1,25000,1,1,25000,1,N,1008936,FUTIRD,697GS2026,5,31-Aug-2017,697GS2026AUGSEP17,
1007860,1007873,FUTIRD,684GS2022,,28-Sep-2017,72057765836619790,1,,FUTIRD,684GS2022,,28-Dec-2017,40,,,0,,,0,0,1,1,25000,1,1,25000,1,N,1007917,FUTIRD,684GS2022,5,28-Sep-2017,684GS2022SEPDEC17,
1007867,1007873,FUTIRD,684GS2022,,29-Jun-2017,72057765836619789,1,,FUTIRD,684GS2022,,28-Dec-2017,40,,,0,,,0,0,1,1,25000,1,1,25000,1,N,1007918,FUTIRD,684GS2022,5,29-Jun-2017,684GS2022JUNDEC17,
1007867,1007860,FUTIRD,684GS2022,,29-Jun-2017,72057765836619788,1,,FUTIRD,684GS2022,,28-Sep-2017,40,,,0,,,0,0,1,1,25000,1,1,25000,1,N,1007919,FUTIRD,684GS2022,5,29-Jun-2017,684GS2022JUNSEP17,
1007860,1008588,FUTIRD,684GS2022,,28-Sep-2017,72057765836619804,1,,FUTIRD,684GS2022,,29-Mar-2018,40,,,0,,,0,0,1,1,25000,1,1,25000,1,N,1008603,FUTIRD,684GS2022,5,28-Sep-2017,684GS2022SEPMAR18,
1007873,1008588,FUTIRD,684GS2022,,28-Dec-2017,72057765836619805,1,,FUTIRD,684GS2022,,29-Mar-2018,40,,,0,,,0,0,1,1,25000,1,1,25000,1,N,1008608,FUTIRD,684GS2022,5,28-Dec-2017,684GS2022DECMAR18,
1007867,1008588,FUTIRD,684GS2022,,29-Jun-2017,72057765836619803,1,,FUTIRD,684GS2022,,29-Mar-2018,40,,,0,,,0,0,1,1,25000,1,1,25000,1,N,1008609,FUTIRD,684GS2022,5,29-Jun-2017,684GS2022JUNMAR18,
1008805,1008588,FUTIRD,684GS2022,,27-Jul-2017,72057765836619810,1,,FUTIRD,684GS2022,,29-Mar-2018,40,,,0,,,0,0,1,1,25000,1,1,25000,1,N,1008816,FUTIRD,684GS2022,5,27-Jul-2017,684GS2022JULMAR18,
1007867,1008805,FUTIRD,684GS2022,,29-Jun-2017,72057765836619807,1,,FUTIRD,684GS2022,,27-Jul-2017,40,,,0,,,0,0,1,1,25000,1,1,25000,1,N,1008820,FUTIRD,684GS2022,5,29-Jun-2017,684GS2022JUNJUL17,
1008805,1007873,FUTIRD,684GS2022,,27-Jul-2017,72057765836619809,1,,FUTIRD,684GS2022,,28-Dec-2017,40,,,0,,,0,0,1,1,25000,1,1,25000,1,N,1008821,FUTIRD,684GS2022,5,27-Jul-2017,684GS2022JULDEC17,
1008805,1007860,FUTIRD,684GS2022,,27-Jul-2017,72057765836619808,1,,FUTIRD,684GS2022,,28-Sep-2017,40,,,0,,,0,0,1,1,25000,1,1,25000,1,N,1008824,FUTIRD,684GS2022,5,27-Jul-2017,684GS2022JULSEP17,
1007867,1008887,FUTIRD,684GS2022,,29-Jun-2017,72057765836619811,1,,FUTIRD,684GS2022,,31-Aug-2017,40,,,0,,,0,0,1,1,25000,1,1,25000,1,N,1008895,FUTIRD,684GS2022,5,29-Jun-2017,684GS2022JUNAUG17,
1008887,1008588,FUTIRD,684GS2022,,31-Aug-2017,72057765836619815,1,,FUTIRD,684GS2022,,29-Mar-2018,40,,,0,,,0,0,1,1,25000,1,1,25000,1,N,1008910,FUTIRD,684GS2022,5,31-Aug-2017,684GS2022AUGMAR18,
1008887,1007873,FUTIRD,684GS2022,,31-Aug-2017,72057765836619814,1,,FUTIRD,684GS2022,,28-Dec-2017,40,,,0,,,0,0,1,1,25000,1,1,25000,1,N,1008915,FUTIRD,684GS2022,5,31-Aug-2017,684GS2022AUGDEC17,
1008805,1008887,FUTIRD,684GS2022,,27-Jul-2017,72057765836619812,1,,FUTIRD,684GS2022,,31-Aug-2017,40,,,0,,,0,0,1,1,25000,1,1,25000,1,N,1008919,FUTIRD,684GS2022,5,27-Jul-2017,684GS2022JULAUG17,
1008887,1007860,FUTIRD,684GS2022,,31-Aug-2017,72057765836619813,1,,FUTIRD,684GS2022,,28-Sep-2017,40,,,0,,,0,0,1,1,25000,1,1,25000,1,N,1008920,FUTIRD,684GS2022,5,31-Aug-2017,684GS2022AUGSEP17,
1006691,1007237,FUTIRD,788GS2030,,29-Jun-2017,72057675642306654,1,,FUTIRD,788GS2030,,28-Sep-2017,19,,,0,,,0,0,1,1,25000,1,1,25000,1,N,1007262,FUTIRD,788GS2030,5,29-Jun-2017,788GS2030JUNSEP17,
1006691,1007865,FUTIRD,788GS2030,,29-Jun-2017,72057675642306668,1,,FUTIRD,788GS2030,,28-Dec-2017,19,,,0,,,0,0,1,1,25000,1,1,25000,1,N,1007877,FUTIRD,788GS2030,5,29-Jun-2017,788GS2030JUNDEC17,
1007237,1007865,FUTIRD,788GS2030,,28-Sep-2017,72057675642306669,1,,FUTIRD,788GS2030,,28-Dec-2017,19,,,0,,,0,0,1,1,25000,1,1,25000,1,N,1007882,FUTIRD,788GS2030,5,28-Sep-2017,788GS2030SEPDEC17,
1007237,1008584,FUTIRD,788GS2030,,28-Sep-2017,72057675642306683,1,,FUTIRD,788GS2030,,29-Mar-2018,19,,,0,,,0,0,1,1,25000,1,1,25000,1,N,1008590,FUTIRD,788GS2030,5,28-Sep-2017,788GS2030SEPMAR18,
1006691,1008584,FUTIRD,788GS2030,,29-Jun-2017,72057675642306682,1,,FUTIRD,788GS2030,,29-Mar-2018,19,,,0,,,0,0,1,1,25000,1,1,25000,1,N,1008613,FUTIRD,788GS2030,5,29-Jun-2017,788GS2030JUNMAR18,
1007865,1008584,FUTIRD,788GS2030,,28-Dec-2017,72057675642306684,1,,FUTIRD,788GS2030,,29-Mar-2018,19,,,0,,,0,0,1,1,25000,1,1,25000,1,N,1008617,FUTIRD,788GS2030,5,28-Dec-2017,788GS2030DECMAR18,
1008809,1007865,FUTIRD,788GS2030,,27-Jul-2017,72057675642306688,1,,FUTIRD,788GS2030,,28-Dec-2017,19,,,0,,,0,0,1,1,25000,1,1,25000,1,N,1008812,FUTIRD,788GS2030,5,27-Jul-2017,788GS2030JULDEC17,
1006691,1008809,FUTIRD,788GS2030,,29-Jun-2017,72057675642306686,1,,FUTIRD,788GS2030,,27-Jul-2017,19,,,0,,,0,0,1,1,25000,1,1,25000,1,N,1008830,FUTIRD,788GS2030,5,29-Jun-2017,788GS2030JUNJUL17,
1008809,1007237,FUTIRD,788GS2030,,27-Jul-2017,72057675642306687,1,,FUTIRD,788GS2030,,28-Sep-2017,19,,,0,,,0,0,1,1,25000,1,1,25000,1,N,1008839,FUTIRD,788GS2030,5,27-Jul-2017,788GS2030JULSEP17,
1008809,1008584,FUTIRD,788GS2030,,27-Jul-2017,72057675642306689,1,,FUTIRD,788GS2030,,29-Mar-2018,19,,,0,,,0,0,1,1,25000,1,1,25000,1,N,1008847,FUTIRD,788GS2030,5,27-Jul-2017,788GS2030JULMAR18,
1006691,1008892,FUTIRD,788GS2030,,29-Jun-2017,72057675642306690,1,,FUTIRD,788GS2030,,31-Aug-2017,19,,,0,,,0,0,1,1,25000,1,1,25000,1,N,1008900,FUTIRD,788GS2030,5,29-Jun-2017,788GS2030JUNAUG17,
1008809,1008892,FUTIRD,788GS2030,,27-Jul-2017,72057675642306691,1,,FUTIRD,788GS2030,,31-Aug-2017,19,,,0,,,0,0,1,1,25000,1,1,25000,1,N,1008903,FUTIRD,788GS2030,5,27-Jul-2017,788GS2030JULAUG17,
1008892,1007237,FUTIRD,788GS2030,,31-Aug-2017,72057675642306692,1,,FUTIRD,788GS2030,,28-Sep-2017,19,,,0,,,0,0,1,1,25000,1,1,25000,1,N,1008909,FUTIRD,788GS2030,5,31-Aug-2017,788GS2030AUGSEP17,
1008892,1008584,FUTIRD,788GS2030,,31-Aug-2017,72057675642306694,1,,FUTIRD,788GS2030,,29-Mar-2018,19,,,0,,,0,0,1,1,25000,1,1,25000,1,N,1008918,FUTIRD,788GS2030,5,31-Aug-2017,788GS2030AUGMAR18,
1008892,1007865,FUTIRD,788GS2030,,31-Aug-2017,72057675642306693,1,,FUTIRD,788GS2030,,28-Dec-2017,19,,,0,,,0,0,1,1,25000,1,1,25000,1,N,1008926,FUTIRD,788GS2030,5,31-Aug-2017,788GS2030AUGDEC17,
1006687,1007240,FUTIRD,768GS2023,,29-Jun-2017,72057679937273925,1,,FUTIRD,768GS2023,,28-Sep-2017,20,,,0,,,0,0,1,1,25000,1,1,25000,1,N,1007272,FUTIRD,768GS2023,5,29-Jun-2017,768GS2023JUNSEP17,
1006687,1007871,FUTIRD,768GS2023,,29-Jun-2017,72057679937273939,1,,FUTIRD,768GS2023,,28-Dec-2017,20,,,0,,,0,0,1,1,25000,1,1,25000,1,N,1007885,FUTIRD,768GS2023,5,29-Jun-2017,768GS2023JUNDEC17,
1007240,1007871,FUTIRD,768GS2023,,28-Sep-2017,72057679937273940,1,,FUTIRD,768GS2023,,28-Dec-2017,20,,,0,,,0,0,1,1,25000,1,1,25000,1,N,1007890,FUTIRD,768GS2023,5,28-Sep-2017,768GS2023SEPDEC17,
1006687,1008587,FUTIRD,768GS2023,,29-Jun-2017,72057679937273953,1,,FUTIRD,768GS2023,,29-Mar-2018,20,,,0,,,0,0,1,1,25000,1,1,25000,1,N,1008593,FUTIRD,768GS2023,5,29-Jun-2017,768GS2023JUNMAR18,
1007240,1008587,FUTIRD,768GS2023,,28-Sep-2017,72057679937273954,1,,FUTIRD,768GS2023,,29-Mar-2018,20,,,0,,,0,0,1,1,25000,1,1,25000,1,N,1008600,FUTIRD,768GS2023,5,28-Sep-2017,768GS2023SEPMAR18,
1007871,1008587,FUTIRD,768GS2023,,28-Dec-2017,72057679937273955,1,,FUTIRD,768GS2023,,29-Mar-2018,20,,,0,,,0,0,1,1,25000,1,1,25000,1,N,1008602,FUTIRD,768GS2023,5,28-Dec-2017,768GS2023DECMAR18,
1008804,1007240,FUTIRD,768GS2023,,27-Jul-2017,72057679937273958,1,,FUTIRD,768GS2023,,28-Sep-2017,20,,,0,,,0,0,1,1,25000,1,1,25000,1,N,1008835,FUTIRD,768GS2023,5,27-Jul-2017,768GS2023JULSEP17,
1006687,1008804,FUTIRD,768GS2023,,29-Jun-2017,72057679937273957,1,,FUTIRD,768GS2023,,27-Jul-2017,20,,,0,,,0,0,1,1,25000,1,1,25000,1,N,1008838,FUTIRD,768GS2023,5,29-Jun-2017,768GS2023JUNJUL17,
1008804,1008587,FUTIRD,768GS2023,,27-Jul-2017,72057679937273960,1,,FUTIRD,768GS2023,,29-Mar-2018,20,,,0,,,0,0,1,1,25000,1,1,25000,1,N,1008844,FUTIRD,768GS2023,5,27-Jul-2017,768GS2023JULMAR18,
1008804,1007871,FUTIRD,768GS2023,,27-Jul-2017,72057679937273959,1,,FUTIRD,768GS2023,,28-Dec-2017,20,,,0,,,0,0,1,1,25000,1,1,25000,1,N,1008848,FUTIRD,768GS2023,5,27-Jul-2017,768GS2023JULDEC17,
1008884,1008587,FUTIRD,768GS2023,,31-Aug-2017,72057679937273965,1,,FUTIRD,768GS2023,,29-Mar-2018,20,,,0,,,0,0,1,1,25000,1,1,25000,1,N,1008896,FUTIRD,768GS2023,5,31-Aug-2017,768GS2023AUGMAR18,
1008804,1008884,FUTIRD,768GS2023,,27-Jul-2017,72057679937273962,1,,FUTIRD,768GS2023,,31-Aug-2017,20,,,0,,,0,0,1,1,25000,1,1,25000,1,N,1008897,FUTIRD,768GS2023,5,27-Jul-2017,768GS2023JULAUG17,
1008884,1007871,FUTIRD,768GS2023,,31-Aug-2017,72057679937273964,1,,FUTIRD,768GS2023,,28-Dec-2017,20,,,0,,,0,0,1,1,25000,1,1,25000,1,N,1008904,FUTIRD,768GS2023,5,31-Aug-2017,768GS2023AUGDEC17,
1006687,1008884,FUTIRD,768GS2023,,29-Jun-2017,72057679937273961,1,,FUTIRD,768GS2023,,31-Aug-2017,20,,,0,,,0,0,1,1,25000,1,1,25000,1,N,1008912,FUTIRD,768GS2023,5,29-Jun-2017,768GS2023JUNAUG17,
1008884,1007240,FUTIRD,768GS2023,,31-Aug-2017,72057679937273963,1,,FUTIRD,768GS2023,,28-Sep-2017,20,,,0,,,0,0,1,1,25000,1,1,25000,1,N,1008932,FUTIRD,768GS2023,5,31-Aug-2017,768GS2023AUGSEP17,
1006689,1007238,FUTIRD,759GS2029,,29-Jun-2017,72057684232241221,1,,FUTIRD,759GS2029,,28-Sep-2017,21,,,0,,,0,0,1,1,25000,1,1,25000,1,N,1007267,FUTIRD,759GS2029,5,29-Jun-2017,759GS2029JUNSEP17,
1006689,1007862,FUTIRD,759GS2029,,29-Jun-2017,72057684232241235,1,,FUTIRD,759GS2029,,28-Dec-2017,21,,,0,,,0,0,1,1,25000,1,1,25000,1,N,1007880,FUTIRD,759GS2029,5,29-Jun-2017,759GS2029JUNDEC17,
1007238,1007862,FUTIRD,759GS2029,,28-Sep-2017,72057684232241236,1,,FUTIRD,759GS2029,,28-Dec-2017,21,,,0,,,0,0,1,1,25000,1,1,25000,1,N,1007894,FUTIRD,759GS2029,5,28-Sep-2017,759GS2029SEPDEC17,
1008808,1007238,FUTIRD,759GS2029,,27-Jul-2017,72057684232241249,1,,FUTIRD,759GS2029,,28-Sep-2017,21,,,0,,,0,0,1,1,25000,1,1,25000,1,N,1008819,FUTIRD,759GS2029,5,27-Jul-2017,759GS2029JULSEP17,
1006689,1008808,FUTIRD,759GS2029,,29-Jun-2017,72057684232241248,1,,FUTIRD,759GS2029,,27-Jul-2017,21,,,0,,,0,0,1,1,25000,1,1,25000,1,N,1008833,FUTIRD,759GS2029,5,29-Jun-2017,759GS2029JUNJUL17,
1008808,1007862,FUTIRD,759GS2029,,27-Jul-2017,72057684232241250,1,,FUTIRD,759GS2029,,28-Dec-2017,21,,,0,,,0,0,1,1,25000,1,1,25000,1,N,1008837,FUTIRD,759GS2029,5,27-Jul-2017,759GS2029JULDEC17,
1006689,1008890,FUTIRD,759GS2029,,29-Jun-2017,72057684232241251,1,,FUTIRD,759GS2029,,31-Aug-2017,21,,,0,,,0,0,1,1,25000,1,1,25000,1,N,1008906,FUTIRD,759GS2029,5,29-Jun-2017,759GS2029JUNAUG17,
1008890,1007238,FUTIRD,759GS2029,,31-Aug-2017,72057684232241253,1,,FUTIRD,759GS2029,,28-Sep-2017,21,,,0,,,0,0,1,1,25000,1,1,25000,1,N,1008913,FUTIRD,759GS2029,5,31-Aug-2017,759GS2029AUGSEP17,
1008808,1008890,FUTIRD,759GS2029,,27-Jul-2017,72057684232241252,1,,FUTIRD,759GS2029,,31-Aug-2017,21,,,0,,,0,0,1,1,25000,1,1,25000,1,N,1008929,FUTIRD,759GS2029,5,27-Jul-2017,759GS2029JULAUG17,
1008890,1007862,FUTIRD,759GS2029,,31-Aug-2017,72057684232241254,1,,FUTIRD,759GS2029,,28-Dec-2017,21,,,0,,,0,0,1,1,25000,1,1,25000,1,N,1008930,FUTIRD,759GS2029,5,31-Aug-2017,759GS2029AUGDEC17,
1006686,1007241,FUTIRD,759GS2026,,29-Jun-2017,72057692822175808,1,,FUTIRD,759GS2026,,28-Sep-2017,23,,,0,,,0,0,1,1,25000,1,1,25000,1,N,1007256,FUTIRD,759GS2026,5,29-Jun-2017,759GS2026JUNSEP17,
1006686,1007872,FUTIRD,759GS2026,,29-Jun-2017,72057692822175822,1,,FUTIRD,759GS2026,,28-Dec-2017,23,,,0,,,0,0,1,1,25000,1,1,25000,1,N,1007899,FUTIRD,759GS2026,5,29-Jun-2017,759GS2026JUNDEC17,
1007241,1007872,FUTIRD,759GS2026,,28-Sep-2017,72057692822175823,1,,FUTIRD,759GS2026,,28-Dec-2017,23,,,0,,,0,0,1,1,25000,1,1,25000,1,N,1007900,FUTIRD,759GS2026,5,28-Sep-2017,759GS2026SEPDEC17,
1006686,1008802,FUTIRD,759GS2026,,29-Jun-2017,72057692822175835,1,,FUTIRD,759GS2026,,27-Jul-2017,23,,,0,,,0,0,1,1,25000,1,1,25000,1,N,1008818,FUTIRD,759GS2026,5,29-Jun-2017,759GS2026JUNJUL17,
1008802,1007241,FUTIRD,759GS2026,,27-Jul-2017,72057692822175836,1,,FUTIRD,759GS2026,,28-Sep-2017,23,,,0,,,0,0,1,1,25000,1,1,25000,1,N,1008829,FUTIRD,759GS2026,5,27-Jul-2017,759GS2026JULSEP17,
1008802,1007872,FUTIRD,759GS2026,,27-Jul-2017,72057692822175837,1,,FUTIRD,759GS2026,,28-Dec-2017,23,,,0,,,0,0,1,1,25000,1,1,25000,1,N,1008842,FUTIRD,759GS2026,5,27-Jul-2017,759GS2026JULDEC17,
1008885,1007241,FUTIRD,759GS2026,,31-Aug-2017,72057692822175840,1,,FUTIRD,759GS2026,,28-Sep-2017,23,,,0,,,0,0,1,1,25000,1,1,25000,1,N,1008908,FUTIRD,759GS2026,5,31-Aug-2017,759GS2026AUGSEP17,
1008885,1007872,FUTIRD,759GS2026,,31-Aug-2017,72057692822175841,1,,FUTIRD,759GS2026,,28-Dec-2017,23,,,0,,,0,0,1,1,25000,1,1,25000,1,N,1008922,FUTIRD,759GS2026,5,31-Aug-2017,759GS2026AUGDEC17,
1008802,1008885,FUTIRD,759GS2026,,27-Jul-2017,72057692822175839,1,,FUTIRD,759GS2026,,31-Aug-2017,23,,,0,,,0,0,1,1,25000,1,1,25000,1,N,1008934,FUTIRD,759GS2026,5,27-Jul-2017,759GS2026JULAUG17,
1006686,1008885,FUTIRD,759GS2026,,29-Jun-2017,72057692822175838,1,,FUTIRD,759GS2026,,31-Aug-2017,23,,,0,,,0,0,1,1,25000,1,1,25000,1,N,1008935,FUTIRD,759GS2026,5,29-Jun-2017,759GS2026JUNAUG17,
1006688,1007242,FUTIRD,761GS2030,,29-Jun-2017,72057735771848738,1,,FUTIRD,761GS2030,,28-Sep-2017,33,,,0,,,0,0,1,1,25000,1,1,25000,1,N,1007254,FUTIRD,761GS2030,5,29-Jun-2017,761GS2030JUNSEP17,
1007242,1007861,FUTIRD,761GS2030,,28-Sep-2017,72057735771848753,1,,FUTIRD,761GS2030,,28-Dec-2017,33,,,0,,,0,0,1,1,25000,1,1,25000,1,N,1007887,FUTIRD,761GS2030,5,28-Sep-2017,761GS2030SEPDEC17,
1006688,1007861,FUTIRD,761GS2030,,29-Jun-2017,72057735771848752,1,,FUTIRD,761GS2030,,28-Dec-2017,33,,,0,,,0,0,1,1,25000,1,1,25000,1,N,1007897,FUTIRD,761GS2030,5,29-Jun-2017,761GS2030JUNDEC17,
1007242,1008583,FUTIRD,761GS2030,,28-Sep-2017,72057735771848767,1,,FUTIRD,761GS2030,,29-Mar-2018,33,,,0,,,0,0,1,1,25000,1,1,25000,1,N,1008596,FUTIRD,761GS2030,5,28-Sep-2017,761GS2030SEPMAR18,
1006688,1008583,FUTIRD,761GS2030,,29-Jun-2017,72057735771848766,1,,FUTIRD,761GS2030,,29-Mar-2018,33,,,0,,,0,0,1,1,25000,1,1,25000,1,N,1008605,FUTIRD,761GS2030,5,29-Jun-2017,761GS2030JUNMAR18,
1007861,1008583,FUTIRD,761GS2030,,28-Dec-2017,72057735771848768,1,,FUTIRD,761GS2030,,29-Mar-2018,33,,,0,,,0,0,1,1,25000,1,1,25000,1,N,1008618,FUTIRD,761GS2030,5,28-Dec-2017,761GS2030DECMAR18,
1006688,1008806,FUTIRD,761GS2030,,29-Jun-2017,72057735771848770,1,,FUTIRD,761GS2030,,27-Jul-2017,33,,,0,,,0,0,1,1,25000,1,1,25000,1,N,1008814,FUTIRD,761GS2030,5,29-Jun-2017,761GS2030JUNJUL17,
1008806,1007242,FUTIRD,761GS2030,,27-Jul-2017,72057735771848771,1,,FUTIRD,761GS2030,,28-Sep-2017,33,,,0,,,0,0,1,1,25000,1,1,25000,1,N,1008826,FUTIRD,761GS2030,5,27-Jul-2017,761GS2030JULSEP17,
1008806,1008583,FUTIRD,761GS2030,,27-Jul-2017,72057735771848773,1,,FUTIRD,761GS2030,,29-Mar-2018,33,,,0,,,0,0,1,1,25000,1,1,25000,1,N,1008836,FUTIRD,761GS2030,5,27-Jul-2017,761GS2030JULMAR18,
1008806,1007861,FUTIRD,761GS2030,,27-Jul-2017,72057735771848772,1,,FUTIRD,761GS2030,,28-Dec-2017,33,,,0,,,0,0,1,1,25000,1,1,25000,1,N,1008845,FUTIRD,761GS2030,5,27-Jul-2017,761GS2030JULDEC17,
1008889,1007242,FUTIRD,761GS2030,,31-Aug-2017,72057735771848776,1,,FUTIRD,761GS2030,,28-Sep-2017,33,,,0,,,0,0,1,1,25000,1,1,25000,1,N,1008907,FUTIRD,761GS2030,5,31-Aug-2017,761GS2030AUGSEP17,
1008889,1008583,FUTIRD,761GS2030,,31-Aug-2017,72057735771848778,1,,FUTIRD,761GS2030,,29-Mar-2018,33,,,0,,,0,0,1,1,25000,1,1,25000,1,N,1008917,FUTIRD,761GS2030,5,31-Aug-2017,761GS2030AUGMAR18,
1008889,1007861,FUTIRD,761GS2030,,31-Aug-2017,72057735771848777,1,,FUTIRD,761GS2030,,28-Dec-2017,33,,,0,,,0,0,1,1,25000,1,1,25000,1,N,1008925,FUTIRD,761GS2030,5,31-Aug-2017,761GS2030AUGDEC17,
1006688,1008889,FUTIRD,761GS2030,,29-Jun-2017,72057735771848774,1,,FUTIRD,761GS2030,,31-Aug-2017,33,,,0,,,0,0,1,1,25000,1,1,25000,1,N,1008931,FUTIRD,761GS2030,5,29-Jun-2017,761GS2030JUNAUG17,
1008806,1008889,FUTIRD,761GS2030,,27-Jul-2017,72057735771848775,1,,FUTIRD,761GS2030,,31-Aug-2017,33,,,0,,,0,0,1,1,25000,1,1,25000,1,N,1008933,FUTIRD,761GS2030,5,27-Jul-2017,761GS2030JULAUG17,
1007925,1007927,FUTIRD,679GS2029,,28-Sep-2017,72057770131587086,1,,FUTIRD,679GS2029,,28-Dec-2017,41,,,0,,,0,0,1,1,25000,1,1,25000,1,N,1007939,FUTIRD,679GS2029,5,28-Sep-2017,679GS2029SEPDEC17,
1007928,1007927,FUTIRD,679GS2029,,29-Jun-2017,72057770131587085,1,,FUTIRD,679GS2029,,28-Dec-2017,41,,,0,,,0,0,1,1,25000,1,1,25000,1,N,1007940,FUTIRD,679GS2029,5,29-Jun-2017,679GS2029JUNDEC17,
1007928,1007925,FUTIRD,679GS2029,,29-Jun-2017,72057770131587084,1,,FUTIRD,679GS2029,,28-Sep-2017,41,,,0,,,0,0,1,1,25000,1,1,25000,1,N,1007941,FUTIRD,679GS2029,5,29-Jun-2017,679GS2029JUNSEP17,
1007927,1008585,FUTIRD,679GS2029,,28-Dec-2017,72057770131587101,1,,FUTIRD,679GS2029,,29-Mar-2018,41,,,0,,,0,0,1,1,25000,1,1,25000,1,N,1008601,FUTIRD,679GS2029,5,28-Dec-2017,679GS2029DECMAR18,
1007925,1008585,FUTIRD,679GS2029,,28-Sep-2017,72057770131587100,1,,FUTIRD,679GS2029,,29-Mar-2018,41,,,0,,,0,0,1,1,25000,1,1,25000,1,N,1008607,FUTIRD,679GS2029,5,28-Sep-2017,679GS2029SEPMAR18,
1007928,1008585,FUTIRD,679GS2029,,29-Jun-2017,72057770131587099,1,,FUTIRD,679GS2029,,29-Mar-2018,41,,,0,,,0,0,1,1,25000,1,1,25000,1,N,1008614,FUTIRD,679GS2029,5,29-Jun-2017,679GS2029JUNMAR18,
1008810,1008585,FUTIRD,679GS2029,,27-Jul-2017,72057770131587106,1,,FUTIRD,679GS2029,,29-Mar-2018,41,,,0,,,0,0,1,1,25000,1,1,25000,1,N,1008823,FUTIRD,679GS2029,5,27-Jul-2017,679GS2029JULMAR18,
1007928,1008810,FUTIRD,679GS2029,,29-Jun-2017,72057770131587103,1,,FUTIRD,679GS2029,,27-Jul-2017,41,,,0,,,0,0,1,1,25000,1,1,25000,1,N,1008827,FUTIRD,679GS2029,5,29-Jun-2017,679GS2029JUNJUL17,
1008810,1007927,FUTIRD,679GS2029,,27-Jul-2017,72057770131587105,1,,FUTIRD,679GS2029,,28-Dec-2017,41,,,0,,,0,0,1,1,25000,1,1,25000,1,N,1008831,FUTIRD,679GS2029,5,27-Jul-2017,679GS2029JULDEC17,
1008810,1007925,FUTIRD,679GS2029,,27-Jul-2017,72057770131587104,1,,FUTIRD,679GS2029,,28-Sep-2017,41,,,0,,,0,0,1,1,25000,1,1,25000,1,N,1008832,FUTIRD,679GS2029,5,27-Jul-2017,679GS2029JULSEP17,
1007928,1008894,FUTIRD,679GS2029,,29-Jun-2017,72057770131587107,1,,FUTIRD,679GS2029,,31-Aug-2017,41,,,0,,,0,0,1,1,25000,1,1,25000,1,N,1008902,FUTIRD,679GS2029,5,29-Jun-2017,679GS2029JUNAUG17,
1008810,1008894,FUTIRD,679GS2029,,27-Jul-2017,72057770131587108,1,,FUTIRD,679GS2029,,31-Aug-2017,41,,,0,,,0,0,1,1,25000,1,1,25000,1,N,1008923,FUTIRD,679GS2029,5,27-Jul-2017,679GS2029JULAUG17,
1008894,1008585,FUTIRD,679GS2029,,31-Aug-2017,72057770131587111,1,,FUTIRD,679GS2029,,29-Mar-2018,41,,,0,,,0,0,1,1,25000,1,1,25000,1,N,1008924,FUTIRD,679GS2029,5,31-Aug-2017,679GS2029AUGMAR18,
1008894,1007927,FUTIRD,679GS2029,,31-Aug-2017,72057770131587110,1,,FUTIRD,679GS2029,,28-Dec-2017,41,,,0,,,0,0,1,1,25000,1,1,25000,1,N,1008927,FUTIRD,679GS2029,5,31-Aug-2017,679GS2029AUGDEC17,
1008894,1007925,FUTIRD,679GS2029,,31-Aug-2017,72057770131587109,1,,FUTIRD,679GS2029,,28-Sep-2017,41,,,0,,,0,0,1,1,25000,1,1,25000,1,N,1008928,FUTIRD,679GS2029,5,31-Aug-2017,679GS2029AUGSEP17,
1008859,1008862,FUTIRD,679GS2027,,27-Jul-2017,72057774426554377,1,,FUTIRD,679GS2027,,28-Sep-2017,42,,,0,,,0,0,1,1,25000,1,1,25000,1,N,1008863,FUTIRD,679GS2027,5,27-Jul-2017,679GS2027JULSEP17,
1008859,1008861,FUTIRD,679GS2027,,27-Jul-2017,72057774426554379,1,,FUTIRD,679GS2027,,29-Mar-2018,42,,,0,,,0,0,1,1,25000,1,1,25000,1,N,1008864,FUTIRD,679GS2027,5,27-Jul-2017,679GS2027JULMAR18,
1008859,1008857,FUTIRD,679GS2027,,27-Jul-2017,72057774426554378,1,,FUTIRD,679GS2027,,28-Dec-2017,42,,,0,,,0,0,1,1,25000,1,1,25000,1,N,1008865,FUTIRD,679GS2027,5,27-Jul-2017,679GS2027JULDEC17,
1008857,1008861,FUTIRD,679GS2027,,28-Dec-2017,72057774426554382,1,,FUTIRD,679GS2027,,29-Mar-2018,42,,,0,,,0,0,1,1,25000,1,1,25000,1,N,1008866,FUTIRD,679GS2027,5,28-Dec-2017,679GS2027DECMAR18,
1008862,1008861,FUTIRD,679GS2027,,28-Sep-2017,72057774426554381,1,,FUTIRD,679GS2027,,29-Mar-2018,42,,,0,,,0,0,1,1,25000,1,1,25000,1,N,1008872,FUTIRD,679GS2027,5,28-Sep-2017,679GS2027SEPMAR18,
1008862,1008857,FUTIRD,679GS2027,,28-Sep-2017,72057774426554380,1,,FUTIRD,679GS2027,,28-Dec-2017,42,,,0,,,0,0,1,1,25000,1,1,25000,1,N,1008873,FUTIRD,679GS2027,5,28-Sep-2017,679GS2027SEPDEC17,
1008858,1008862,FUTIRD,679GS2027,,29-Jun-2017,72057774426554374,1,,FUTIRD,679GS2027,,28-Sep-2017,42,,,0,,,0,0,1,1,25000,1,1,25000,1,N,1008874,FUTIRD,679GS2027,5,29-Jun-2017,679GS2027JUNSEP17,
1008858,1008861,FUTIRD,679GS2027,,29-Jun-2017,72057774426554376,1,,FUTIRD,679GS2027,,29-Mar-2018,42,,,0,,,0,0,1,1,25000,1,1,25000,1,N,1008875,FUTIRD,679GS2027,5,29-Jun-2017,679GS2027JUNMAR18,
1008858,1008859,FUTIRD,679GS2027,,29-Jun-2017,72057774426554373,1,,FUTIRD,679GS2027,,27-Jul-2017,42,,,0,,,0,0,1,1,25000,1,1,25000,1,N,1008876,FUTIRD,679GS2027,5,29-Jun-2017,679GS2027JUNJUL17,
1008858,1008857,FUTIRD,679GS2027,,29-Jun-2017,72057774426554375,1,,FUTIRD,679GS2027,,28-Dec-2017,42,,,0,,,0,0,1,1,25000,1,1,25000,1,N,1008877,FUTIRD,679GS2027,5,29-Jun-2017,679GS2027JUNDEC17,
1008888,1008862,FUTIRD,679GS2027,,31-Aug-2017,72057774426554385,1,,FUTIRD,679GS2027,,28-Sep-2017,42,,,0,,,0,0,1,1,25000,1,1,25000,1,N,1008898,FUTIRD,679GS2027,5,31-Aug-2017,679GS2027AUGSEP17,
1008888,1008861,FUTIRD,679GS2027,,31-Aug-2017,72057774426554387,1,,FUTIRD,679GS2027,,29-Mar-2018,42,,,0,,,0,0,1,1,25000,1,1,25000,1,N,1008899,FUTIRD,679GS2027,5,31-Aug-2017,679GS2027AUGMAR18,
1008888,1008857,FUTIRD,679GS2027,,31-Aug-2017,72057774426554386,1,,FUTIRD,679GS2027,,28-Dec-2017,42,,,0,,,0,0,1,1,25000,1,1,25000,1,N,1008901,FUTIRD,679GS2027,5,31-Aug-2017,679GS2027AUGDEC17,
1008858,1008888,FUTIRD,679GS2027,,29-Jun-2017,72057774426554383,1,,FUTIRD,679GS2027,,31-Aug-2017,42,,,0,,,0,0,1,1,25000,1,1,25000,1,N,1008921,FUTIRD,679GS2027,5,29-Jun-2017,679GS2027JUNAUG17,
1008859,1008888,FUTIRD,679GS2027,,27-Jul-2017,72057774426554384,1,,FUTIRD,679GS2027,,31-Aug-2017,42,,,0,,,0,0,1,1,25000,1,1,25000,1,N,1008937,FUTIRD,679GS2027,5,27-Jul-2017,679GS2027JULAUG17,
1008224,1008214,OPTCUR,USDINR,28,29-May-2017,72057615512765060,1,4,OPTCUR,USDINR,2,29-May-2017,5,660000000,660000000,0,CE,PE,0,0,1,1,25000,1,1,25000,1,N,1008257,OPTCUR,USDINR,2,29-May-2017,USD STD 17-MAY 66.0000,660000000
1008397,1008391,OPTCUR,USDINR,28,29-May-2017,72057615512765168,1,4,OPTCUR,USDINR,2,29-May-2017,5,627500000,627500000,0,CE,PE,0,0,1,1,25000,1,1,25000,1,N,1008746,OPTCUR,USDINR,2,29-May-2017,USD STD 17-MAY 62.7500,627500000
1008383,1008389,OPTCUR,USDINR,28,28-Jun-2017,72057615512765143,1,4,OPTCUR,USDINR,2,28-Jun-2017,5,632500000,632500000,0,CE,PE,0,0,1,1,25000,1,1,25000,1,N,1008636,OPTCUR,USDINR,2,28-Jun-2017,USD STD 17-JUN 63.2500,632500000
1007149,1007156,OPTCUR,USDINR,28,28-Jun-2017,72057615512765130,1,4,OPTCUR,USDINR,2,28-Jun-2017,5,635000000,635000000,0,CE,PE,0,0,1,1,25000,1,1,25000,1,N,1008530,OPTCUR,USDINR,2,28-Jun-2017,USD STD 17-JUN 63.5000,635000000
1008232,1008229,OPTCUR,USDINR,15,29-May-2017,72057615512765106,1,4,OPTCUR,USDINR,2,29-May-2017,5,637500000,637500000,0,CE,PE,0,0,1,1,25000,1,1,25000,1,N,1008443,OPTCUR,USDINR,2,29-May-2017,USD CNV 17-MAY 63.7500,637500000
1008684,1008692,OPTCUR,USDINR,15,27-Jul-2017,72057615512765162,1,4,OPTCUR,USDINR,2,27-Jul-2017,5,652500000,652500000,0,CE,PE,0,0,1,1,25000,1,1,25000,1,N,1008740,OPTCUR,USDINR,2,27-Jul-2017,USD CNV 17-JUL 65.2500,652500000
1008172,1008217,OPTCUR,USDINR,15,29-May-2017,72057615512765048,1,4,OPTCUR,USDINR,2,29-May-2017,5,662500000,662500000,0,CE,PE,0,0,1,1,25000,1,1,25000,1,N,1008245,OPTCUR,USDINR,2,29-May-2017,USD CNV 17-MAY 66.2500,662500000
1008220,1008210,OPTCUR,USDINR,15,29-May-2017,72057615512765051,1,4,OPTCUR,USDINR,2,29-May-2017,5,655000000,655000000,0,CE,PE,0,0,1,1,25000,1,1,25000,1,N,1008248,OPTCUR,USDINR,2,29-May-2017,USD CNV 17-MAY 65.5000,655000000
1007157,1007108,OPTCUR,USDINR,15,28-Jun-2017,72057615512765112,1,4,OPTCUR,USDINR,2,28-Jun-2017,5,642500000,642500000,0,CE,PE,0,0,1,1,25000,1,1,25000,1,N,1008512,OPTCUR,USDINR,2,28-Jun-2017,USD CNV 17-JUN 64.2500,642500000
1007140,1007146,OPTCUR,USDINR,28,28-Jun-2017,72057615512765124,1,4,OPTCUR,USDINR,2,28-Jun-2017,5,645000000,645000000,0,CE,PE,0,0,1,1,25000,1,1,25000,1,N,1008524,OPTCUR,USDINR,2,28-Jun-2017,USD STD 17-JUN 64.5000,645000000
1008667,1008674,OPTCUR,USDINR,28,27-Jul-2017,72057615512765177,1,4,OPTCUR,USDINR,2,27-Jul-2017,5,655000000,655000000,0,CE,PE,0,0,1,1,25000,1,1,25000,1,N,1008852,OPTCUR,USDINR,2,27-Jul-2017,USD STD 17-JUL 65.5000,655000000
1008219,1008208,OPTCUR,USDINR,28,29-May-2017,72057615512765064,1,4,OPTCUR,USDINR,2,29-May-2017,5,672500000,672500000,0,CE,PE,0,0,1,1,25000,1,1,25000,1,N,1008261,OPTCUR,USDINR,2,29-May-2017,USD STD 17-MAY 67.2500,672500000
1007136,1007142,OPTCUR,USDINR,15,28-Jun-2017,72057615512765122,1,4,OPTCUR,USDINR,2,28-Jun-2017,5,660000000,660000000,0,CE,PE,0,0,1,1,25000,1,1,25000,1,N,1008522,OPTCUR,USDINR,2,28-Jun-2017,USD CNV 17-JUN 66.0000,660000000
1008703,1008709,OPTCUR,USDINR,28,27-Jul-2017,72057615512765166,1,4,OPTCUR,USDINR,2,27-Jul-2017,5,632500000,632500000,0,CE,PE,0,0,1,1,25000,1,1,25000,1,N,1008744,OPTCUR,USDINR,2,27-Jul-2017,USD STD 17-JUL 63.2500,632500000
1008206,1008192,OPTCUR,USDINR,15,29-May-2017,72057615512765055,1,4,OPTCUR,USDINR,2,29-May-2017,5,677500000,677500000,0,CE,PE,0,0,1,1,25000,1,1,25000,1,N,1008252,OPTCUR,USDINR,2,29-May-2017,USD CNV 17-MAY 67.7500,677500000
1008215,1008202,OPTCUR,USDINR,15,29-May-2017,72057615512765046,1,4,OPTCUR,USDINR,2,29-May-2017,5,667500000,667500000,0,CE,PE,0,0,1,1,25000,1,1,25000,1,N,1008243,OPTCUR,USDINR,2,29-May-2017,USD CNV 17-MAY 66.7500,667500000
1008173,1008218,OPTCUR,USDINR,28,29-May-2017,72057615512765091,1,4,OPTCUR,USDINR,2,29-May-2017,5,645000000,645000000,0,CE,PE,0,0,1,1,25000,1,1,25000,1,N,1008380,OPTCUR,USDINR,2,29-May-2017,USD STD 17-MAY 64.5000,645000000
1008175,1008221,OPTCUR,USDINR,28,29-May-2017,72057615512765088,1,4,OPTCUR,USDINR,2,29-May-2017,5,647500000,647500000,0,CE,PE,0,0,1,1,25000,1,1,25000,1,N,1008377,OPTCUR,USDINR,2,29-May-2017,USD STD 17-MAY 64.7500,647500000
1008224,1008214,OPTCUR,USDINR,15,29-May-2017,72057615512765049,1,4,OPTCUR,USDINR,2,29-May-2017,5,660000000,660000000,0,CE,PE,0,0,1,1,25000,1,1,25000,1,N,1008246,OPTCUR,USDINR,2,29-May-2017,USD CNV 17-MAY 66.0000,660000000
1008676,1008683,OPTCUR,USDINR,28,27-Jul-2017,72057615512765172,1,4,OPTCUR,USDINR,2,27-Jul-2017,5,645000000,645000000,0,CE,PE,0,0,1,1,25000,1,1,25000,1,N,1008750,OPTCUR,USDINR,2,27-Jul-2017,USD STD 17-JUL 64.5000,645000000
1008397,1008391,OPTCUR,USDINR,15,29-May-2017,72057615512765155,1,4,OPTCUR,USDINR,2,29-May-2017,5,627500000,627500000,0,CE,PE,0,0,1,1,25000,1,1,25000,1,N,1008733,OPTCUR,USDINR,2,29-May-2017,USD CNV 17-MAY 62.7500,627500000
1008383,1008389,OPTCUR,USDINR,15,28-Jun-2017,72057615512765140,1,4,OPTCUR,USDINR,2,28-Jun-2017,5,632500000,632500000,0,CE,PE,0,0,1,1,25000,1,1,25000,1,N,1008633,OPTCUR,USDINR,2,28-Jun-2017,USD CNV 17-JUN 63.2500,632500000
1008680,1008687,OPTCUR,USDINR,28,27-Jul-2017,72057615512765173,1,4,OPTCUR,USDINR,2,27-Jul-2017,5,647500000,647500000,0,CE,PE,0,0,1,1,25000,1,1,25000,1,N,1008751,OPTCUR,USDINR,2,27-Jul-2017,USD STD 17-JUL 64.7500,647500000
1007149,1007156,OPTCUR,USDINR,15,28-Jun-2017,72057615512765117,1,4,OPTCUR,USDINR,2,28-Jun-2017,5,635000000,635000000,0,CE,PE,0,0,1,1,25000,1,1,25000,1,N,1008517,OPTCUR,USDINR,2,28-Jun-2017,USD CNV 17-JUN 63.5000,635000000
1008203,1008191,OPTCUR,USDINR,28,29-May-2017,72057615512765065,1,4,OPTCUR,USDINR,2,29-May-2017,5,675000000,675000000,0,CE,PE,0,0,1,1,25000,1,1,25000,1,N,1008262,OPTCUR,USDINR,2,29-May-2017,USD STD 17-MAY 67.5000,675000000
1008671,1008677,OPTCUR,USDINR,28,27-Jul-2017,72057615512765179,1,4,OPTCUR,USDINR,2,27-Jul-2017,5,657500000,657500000,0,CE,PE,0,0,1,1,25000,1,1,25000,1,N,1008854,OPTCUR,USDINR,2,27-Jul-2017,USD STD 17-JUL 65.7500,657500000
1008183,1008177,OPTCUR,USDINR,28,29-May-2017,72057615512765097,1,4,OPTCUR,USDINR,2,29-May-2017,5,642500000,642500000,0,CE,PE,0,0,1,1,25000,1,1,25000,1,N,1008414,OPTCUR,USDINR,2,29-May-2017,USD STD 17-MAY 64.2500,642500000
1008179,1008225,OPTCUR,USDINR,28,29-May-2017,72057615512765073,1,4,OPTCUR,USDINR,2,29-May-2017,5,652500000,652500000,0,CE,PE,0,0,1,1,25000,1,1,25000,1,N,1008356,OPTCUR,USDINR,2,29-May-2017,USD STD 17-MAY 65.2500,652500000
1008398,1008392,OPTCUR,USDINR,28,29-May-2017,72057615512765148,1,4,OPTCUR,USDINR,2,29-May-2017,5,630000000,630000000,0,CE,PE,0,0,1,1,25000,1,1,25000,1,N,1008651,OPTCUR,USDINR,2,29-May-2017,USD STD 17-MAY 63.0000,630000000
1007140,1007146,OPTCUR,USDINR,15,28-Jun-2017,72057615512765111,1,4,OPTCUR,USDINR,2,28-Jun-2017,5,645000000,645000000,0,CE,PE,0,0,1,1,25000,1,1,25000,1,N,1008511,OPTCUR,USDINR,2,28-Jun-2017,USD CNV 17-JUN 64.5000,645000000
1008667,1008674,OPTCUR,USDINR,15,27-Jul-2017,72057615512765176,1,4,OPTCUR,USDINR,2,27-Jul-2017,5,655000000,655000000,0,CE,PE,0,0,1,1,25000,1,1,25000,1,N,1008851,OPTCUR,USDINR,2,27-Jul-2017,USD CNV 17-JUL 65.5000,655000000
1008219,1008208,OPTCUR,USDINR,15,29-May-2017,72057615512765053,1,4,OPTCUR,USDINR,2,29-May-2017,5,672500000,672500000,0,CE,PE,0,0,1,1,25000,1,1,25000,1,N,1008250,OPTCUR,USDINR,2,29-May-2017,USD CNV 17-MAY 67.2500,672500000
1008216,1008205,OPTCUR,USDINR,28,29-May-2017,72057615512765063,1,4,OPTCUR,USDINR,2,29-May-2017,5,670000000,670000000,0,CE,PE,0,0,1,1,25000,1,1,25000,1,N,1008260,OPTCUR,USDINR,2,29-May-2017,USD STD 17-MAY 67.0000,670000000
1007132,1007138,OPTCUR,USDINR,28,28-Jun-2017,72057615512765133,1,4,OPTCUR,USDINR,2,28-Jun-2017,5,655000000,655000000,0,CE,PE,0,0,1,1,25000,1,1,25000,1,N,1008533,OPTCUR,USDINR,2,28-Jun-2017,USD STD 17-JUN 65.5000,655000000
1008703,1008709,OPTCUR,USDINR,15,27-Jul-2017,72057615512765153,1,4,OPTCUR,USDINR,2,27-Jul-2017,5,632500000,632500000,0,CE,PE,0,0,1,1,25000,1,1,25000,1,N,1008731,OPTCUR,USDINR,2,27-Jul-2017,USD CNV 17-JUL 63.2500,632500000
1008695,1008701,OPTCUR,USDINR,28,27-Jul-2017,72057615512765171,1,4,OPTCUR,USDINR,2,27-Jul-2017,5,642500000,642500000,0,CE,PE,0,0,1,1,25000,1,1,25000,1,N,1008749,OPTCUR,USDINR,2,27-Jul-2017,USD STD 17-JUL 64.2500,642500000
1008700,1008706,OPTCUR,USDINR,28,27-Jul-2017,72057615512765167,1,4,OPTCUR,USDINR,2,27-Jul-2017,5,630000000,630000000,0,CE,PE,0,0,1,1,25000,1,1,25000,1,N,1008745,OPTCUR,USDINR,2,27-Jul-2017,USD STD 17-JUL 63.0000,630000000
1008173,1008218,OPTCUR,USDINR,15,29-May-2017,72057615512765082,1,4,OPTCUR,USDINR,2,29-May-2017,5,645000000,645000000,0,CE,PE,0,0,1,1,25000,1,1,25000,1,N,1008371,OPTCUR,USDINR,2,29-May-2017,USD CNV 17-MAY 64.5000,645000000
1008175,1008221,OPTCUR,USDINR,15,29-May-2017,72057615512765079,1,4,OPTCUR,USDINR,2,29-May-2017,5,647500000,647500000,0,CE,PE,0,0,1,1,25000,1,1,25000,1,N,1008368,OPTCUR,USDINR,2,29-May-2017,USD CNV 17-MAY 64.7500,647500000
1008676,1008683,OPTCUR,USDINR,15,27-Jul-2017,72057615512765159,1,4,OPTCUR,USDINR,2,27-Jul-2017,5,645000000,645000000,0,CE,PE,0,0,1,1,25000,1,1,25000,1,N,1008737,OPTCUR,USDINR,2,27-Jul-2017,USD CNV 17-JUL 64.5000,645000000
1008680,1008687,OPTCUR,USDINR,15,27-Jul-2017,72057615512765160,1,4,OPTCUR,USDINR,2,27-Jul-2017,5,647500000,647500000,0,CE,PE,0,0,1,1,25000,1,1,25000,1,N,1008738,OPTCUR,USDINR,2,27-Jul-2017,USD CNV 17-JUL 64.7500,647500000
1007143,1007150,OPTCUR,USDINR,28,28-Jun-2017,72057615512765123,1,4,OPTCUR,USDINR,2,28-Jun-2017,5,647500000,647500000,0,CE,PE,0,0,1,1,25000,1,1,25000,1,N,1008523,OPTCUR,USDINR,2,28-Jun-2017,USD STD 17-JUN 64.7500,647500000
1008203,1008191,OPTCUR,USDINR,15,29-May-2017,72057615512765054,1,4,OPTCUR,USDINR,2,29-May-2017,5,675000000,675000000,0,CE,PE,0,0,1,1,25000,1,1,25000,1,N,1008251,OPTCUR,USDINR,2,29-May-2017,USD CNV 17-MAY 67.5000,675000000
1008690,1008697,OPTCUR,USDINR,28,27-Jul-2017,72057615512765164,1,4,OPTCUR,USDINR,2,27-Jul-2017,5,637500000,637500000,0,CE,PE,0,0,1,1,25000,1,1,25000,1,N,1008742,OPTCUR,USDINR,2,27-Jul-2017,USD STD 17-JUL 63.7500,637500000
1008686,1008694,OPTCUR,USDINR,28,27-Jul-2017,72057615512765165,1,4,OPTCUR,USDINR,2,27-Jul-2017,5,635000000,635000000,0,CE,PE,0,0,1,1,25000,1,1,25000,1,N,1008743,OPTCUR,USDINR,2,27-Jul-2017,USD STD 17-JUL 63.5000,635000000
1008671,1008677,OPTCUR,USDINR,15,27-Jul-2017,72057615512765178,1,4,OPTCUR,USDINR,2,27-Jul-2017,5,657500000,657500000,0,CE,PE,0,0,1,1,25000,1,1,25000,1,N,1008853,OPTCUR,USDINR,2,27-Jul-2017,USD CNV 17-JUL 65.7500,657500000
1008183,1008177,OPTCUR,USDINR,15,29-May-2017,72057615512765094,1,4,OPTCUR,USDINR,2,29-May-2017,5,642500000,642500000,0,CE,PE,0,0,1,1,25000,1,1,25000,1,N,1008411,OPTCUR,USDINR,2,29-May-2017,USD CNV 17-MAY 64.2500,642500000
1008699,1008705,OPTCUR,USDINR,28,27-Jul-2017,72057615512765170,1,4,OPTCUR,USDINR,2,27-Jul-2017,5,627500000,627500000,0,CE,PE,0,0,1,1,25000,1,1,25000,1,N,1008748,OPTCUR,USDINR,2,27-Jul-2017,USD STD 17-JUL 62.7500,627500000
1008179,1008225,OPTCUR,USDINR,15,29-May-2017,72057615512765070,1,4,OPTCUR,USDINR,2,29-May-2017,5,652500000,652500000,0,CE,PE,0,0,1,1,25000,1,1,25000,1,N,1008353,OPTCUR,USDINR,2,29-May-2017,USD CNV 17-MAY 65.2500,652500000
1008176,1008222,OPTCUR,USDINR,28,29-May-2017,72057615512765085,1,4,OPTCUR,USDINR,2,29-May-2017,5,650000000,650000000,0,CE,PE,0,0,1,1,25000,1,1,25000,1,N,1008374,OPTCUR,USDINR,2,29-May-2017,USD STD 17-MAY 65.0000,650000000
1008398,1008392,OPTCUR,USDINR,15,29-May-2017,72057615512765145,1,4,OPTCUR,USDINR,2,29-May-2017,5,630000000,630000000,0,CE,PE,0,0,1,1,25000,1,1,25000,1,N,1008648,OPTCUR,USDINR,2,29-May-2017,USD CNV 17-MAY 63.0000,630000000
1008358,1008357,OPTCUR,USDINR,28,29-May-2017,72057615512765129,1,4,OPTCUR,USDINR,2,29-May-2017,5,635000000,635000000,0,CE,PE,0,0,1,1,25000,1,1,25000,1,N,1008529,OPTCUR,USDINR,2,29-May-2017,USD STD 17-MAY 63.5000,635000000
1007152,1007160,OPTCUR,USDINR,28,28-Jun-2017,72057615512765127,1,4,OPTCUR,USDINR,2,28-Jun-2017,5,637500000,637500000,0,CE,PE,0,0,1,1,25000,1,1,25000,1,N,1008527,OPTCUR,USDINR,2,28-Jun-2017,USD STD 17-JUN 63.7500,637500000
1008381,1008387,OPTCUR,USDINR,28,28-Jun-2017,72057615512765149,1,4,OPTCUR,USDINR,2,28-Jun-2017,5,630000000,630000000,0,CE,PE,0,0,1,1,25000,1,1,25000,1,N,1008652,OPTCUR,USDINR,2,28-Jun-2017,USD STD 17-JUN 63.0000,630000000
1008681,1008688,OPTCUR,USDINR,28,27-Jul-2017,72057615512765174,1,4,OPTCUR,USDINR,2,27-Jul-2017,5,650000000,650000000,0,CE,PE,0,0,1,1,25000,1,1,25000,1,N,1008752,OPTCUR,USDINR,2,27-Jul-2017,USD STD 17-JUL 65.0000,650000000
1007147,1007154,OPTCUR,USDINR,28,28-Jun-2017,72057615512765132,1,4,OPTCUR,USDINR,2,28-Jun-2017,5,652500000,652500000,0,CE,PE,0,0,1,1,25000,1,1,25000,1,N,1008532,OPTCUR,USDINR,2,28-Jun-2017,USD STD 17-JUN 65.2500,652500000
1008216,1008205,OPTCUR,USDINR,15,29-May-2017,72057615512765052,1,4,OPTCUR,USDINR,2,29-May-2017,5,670000000,670000000,0,CE,PE,0,0,1,1,25000,1,1,25000,1,N,1008249,OPTCUR,USDINR,2,29-May-2017,USD CNV 17-MAY 67.0000,670000000
1008672,1008678,OPTCUR,USDINR,28,27-Jul-2017,72057615512765181,1,4,OPTCUR,USDINR,2,27-Jul-2017,5,660000000,660000000,0,CE,PE,0,0,1,1,25000,1,1,25000,1,N,1008879,OPTCUR,USDINR,2,27-Jul-2017,USD STD 17-JUL 66.0000,660000000
1007132,1007138,OPTCUR,USDINR,15,28-Jun-2017,72057615512765120,1,4,OPTCUR,USDINR,2,28-Jun-2017,5,655000000,655000000,0,CE,PE,0,0,1,1,25000,1,1,25000,1,N,1008520,OPTCUR,USDINR,2,28-Jun-2017,USD CNV 17-JUN 65.5000,655000000
1008695,1008701,OPTCUR,USDINR,15,27-Jul-2017,72057615512765158,1,4,OPTCUR,USDINR,2,27-Jul-2017,5,642500000,642500000,0,CE,PE,0,0,1,1,25000,1,1,25000,1,N,1008736,OPTCUR,USDINR,2,27-Jul-2017,USD CNV 17-JUL 64.2500,642500000
1008700,1008706,OPTCUR,USDINR,15,27-Jul-2017,72057615512765154,1,4,OPTCUR,USDINR,2,27-Jul-2017,5,630000000,630000000,0,CE,PE,0,0,1,1,25000,1,1,25000,1,N,1008732,OPTCUR,USDINR,2,27-Jul-2017,USD CNV 17-JUL 63.0000,630000000
1007143,1007150,OPTCUR,USDINR,15,28-Jun-2017,72057615512765110,1,4,OPTCUR,USDINR,2,28-Jun-2017,5,647500000,647500000,0,CE,PE,0,0,1,1,25000,1,1,25000,1,N,1008510,OPTCUR,USDINR,2,28-Jun-2017,USD CNV 17-JUN 64.7500,647500000
1008212,1008199,OPTCUR,USDINR,28,29-May-2017,72057615512765058,1,4,OPTCUR,USDINR,2,29-May-2017,5,665000000,665000000,0,CE,PE,0,0,1,1,25000,1,1,25000,1,N,1008255,OPTCUR,USDINR,2,29-May-2017,USD STD 17-MAY 66.5000,665000000
1008686,1008694,OPTCUR,USDINR,15,27-Jul-2017,72057615512765152,1,4,OPTCUR,USDINR,2,27-Jul-2017,5,635000000,635000000,0,CE,PE,0,0,1,1,25000,1,1,25000,1,N,1008730,OPTCUR,USDINR,2,27-Jul-2017,USD CNV 17-JUL 63.5000,635000000
1008690,1008697,OPTCUR,USDINR,15,27-Jul-2017,72057615512765151,1,4,OPTCUR,USDINR,2,27-Jul-2017,5,637500000,637500000,0,CE,PE,0,0,1,1,25000,1,1,25000,1,N,1008729,OPTCUR,USDINR,2,27-Jul-2017,USD CNV 17-JUL 63.7500,637500000
1008399,1008395,OPTCUR,USDINR,28,29-May-2017,72057615512765142,1,4,OPTCUR,USDINR,2,29-May-2017,5,632500000,632500000,0,CE,PE,0,0,1,1,25000,1,1,25000,1,N,1008635,OPTCUR,USDINR,2,29-May-2017,USD STD 17-MAY 63.2500,632500000
1008699,1008705,OPTCUR,USDINR,15,27-Jul-2017,72057615512765157,1,4,OPTCUR,USDINR,2,27-Jul-2017,5,627500000,627500000,0,CE,PE,0,0,1,1,25000,1,1,25000,1,N,1008735,OPTCUR,USDINR,2,27-Jul-2017,USD CNV 17-JUL 62.7500,627500000
1008176,1008222,OPTCUR,USDINR,15,29-May-2017,72057615512765076,1,4,OPTCUR,USDINR,2,29-May-2017,5,650000000,650000000,0,CE,PE,0,0,1,1,25000,1,1,25000,1,N,1008365,OPTCUR,USDINR,2,29-May-2017,USD CNV 17-MAY 65.0000,650000000
1007153,1007161,OPTCUR,USDINR,28,28-Jun-2017,72057615512765126,1,4,OPTCUR,USDINR,2,28-Jun-2017,5,640000000,640000000,0,CE,PE,0,0,1,1,25000,1,1,25000,1,N,1008526,OPTCUR,USDINR,2,28-Jun-2017,USD STD 17-JUN 64.0000,640000000
1008358,1008357,OPTCUR,USDINR,15,29-May-2017,72057615512765116,1,4,OPTCUR,USDINR,2,29-May-2017,5,635000000,635000000,0,CE,PE,0,0,1,1,25000,1,1,25000,1,N,1008516,OPTCUR,USDINR,2,29-May-2017,USD CNV 17-MAY 63.5000,635000000
1007152,1007160,OPTCUR,USDINR,15,28-Jun-2017,72057615512765114,1,4,OPTCUR,USDINR,2,28-Jun-2017,5,637500000,637500000,0,CE,PE,0,0,1,1,25000,1,1,25000,1,N,1008514,OPTCUR,USDINR,2,28-Jun-2017,USD CNV 17-JUN 63.7500,637500000
1008381,1008387,OPTCUR,USDINR,15,28-Jun-2017,72057615512765146,1,4,OPTCUR,USDINR,2,28-Jun-2017,5,630000000,630000000,0,CE,PE,0,0,1,1,25000,1,1,25000,1,N,1008649,OPTCUR,USDINR,2,28-Jun-2017,USD CNV 17-JUN 63.0000,630000000
1008681,1008688,OPTCUR,USDINR,15,27-Jul-2017,72057615512765161,1,4,OPTCUR,USDINR,2,27-Jul-2017,5,650000000,650000000,0,CE,PE,0,0,1,1,25000,1,1,25000,1,N,1008739,OPTCUR,USDINR,2,27-Jul-2017,USD CNV 17-JUL 65.0000,650000000
1007147,1007154,OPTCUR,USDINR,15,28-Jun-2017,72057615512765119,1,4,OPTCUR,USDINR,2,28-Jun-2017,5,652500000,652500000,0,CE,PE,0,0,1,1,25000,1,1,25000,1,N,1008519,OPTCUR,USDINR,2,28-Jun-2017,USD CNV 17-JUN 65.2500,652500000
1007144,1007151,OPTCUR,USDINR,28,28-Jun-2017,72057615512765131,1,4,OPTCUR,USDINR,2,28-Jun-2017,5,650000000,650000000,0,CE,PE,0,0,1,1,25000,1,1,25000,1,N,1008531,OPTCUR,USDINR,2,28-Jun-2017,USD STD 17-JUN 65.0000,650000000
1008408,1008386,OPTCUR,USDINR,28,28-Jun-2017,72057615512765169,1,4,OPTCUR,USDINR,2,28-Jun-2017,5,627500000,627500000,0,CE,PE,0,0,1,1,25000,1,1,25000,1,N,1008747,OPTCUR,USDINR,2,28-Jun-2017,USD STD 17-JUN 62.7500,627500000
1008181,1008174,OPTCUR,USDINR,28,29-May-2017,72057615512765103,1,4,OPTCUR,USDINR,2,29-May-2017,5,640000000,640000000,0,CE,PE,0,0,1,1,25000,1,1,25000,1,N,1008420,OPTCUR,USDINR,2,29-May-2017,USD STD 17-MAY 64.0000,640000000
1008691,1008698,OPTCUR,USDINR,28,27-Jul-2017,72057615512765163,1,4,OPTCUR,USDINR,2,27-Jul-2017,5,640000000,640000000,0,CE,PE,0,0,1,1,25000,1,1,25000,1,N,1008741,OPTCUR,USDINR,2,27-Jul-2017,USD STD 17-JUL 64.0000,640000000
1008672,1008678,OPTCUR,USDINR,15,27-Jul-2017,72057615512765180,1,4,OPTCUR,USDINR,2,27-Jul-2017,5,660000000,660000000,0,CE,PE,0,0,1,1,25000,1,1,25000,1,N,1008878,OPTCUR,USDINR,2,27-Jul-2017,USD CNV 17-JUL 66.0000,660000000
1007135,1007141,OPTCUR,USDINR,28,28-Jun-2017,72057615512765134,1,4,OPTCUR,USDINR,2,28-Jun-2017,5,657500000,657500000,0,CE,PE,0,0,1,1,25000,1,1,25000,1,N,1008534,OPTCUR,USDINR,2,28-Jun-2017,USD STD 17-JUN 65.7500,657500000
1008223,1008213,OPTCUR,USDINR,28,29-May-2017,72057615512765061,1,4,OPTCUR,USDINR,2,29-May-2017,5,657500000,657500000,0,CE,PE,0,0,1,1,25000,1,1,25000,1,N,1008258,OPTCUR,USDINR,2,29-May-2017,USD STD 17-MAY 65.7500,657500000
1008212,1008199,OPTCUR,USDINR,15,29-May-2017,72057615512765047,1,4,OPTCUR,USDINR,2,29-May-2017,5,665000000,665000000,0,CE,PE,0,0,1,1,25000,1,1,25000,1,N,1008244,OPTCUR,USDINR,2,29-May-2017,USD CNV 17-MAY 66.5000,665000000
1008209,1008194,OPTCUR,USDINR,28,29-May-2017,72057615512765067,1,4,OPTCUR,USDINR,2,29-May-2017,5,680000000,680000000,0,CE,PE,0,0,1,1,25000,1,1,25000,1,N,1008264,OPTCUR,USDINR,2,29-May-2017,USD STD 17-MAY 68.0000,680000000
1008399,1008395,OPTCUR,USDINR,15,29-May-2017,72057615512765139,1,4,OPTCUR,USDINR,2,29-May-2017,5,632500000,632500000,0,CE,PE,0,0,1,1,25000,1,1,25000,1,N,1008632,OPTCUR,USDINR,2,29-May-2017,USD CNV 17-MAY 63.2500,632500000
1007139,1007145,OPTCUR,USDINR,28,28-Jun-2017,72057615512765137,1,4,OPTCUR,USDINR,2,28-Jun-2017,5,662500000,662500000,0,CE,PE,0,0,1,1,25000,1,1,25000,1,N,1008630,OPTCUR,USDINR,2,28-Jun-2017,USD STD 17-JUN 66.2500,662500000
1007153,1007161,OPTCUR,USDINR,15,28-Jun-2017,72057615512765113,1,4,OPTCUR,USDINR,2,28-Jun-2017,5,640000000,640000000,0,CE,PE,0,0,1,1,25000,1,1,25000,1,N,1008513,OPTCUR,USDINR,2,28-Jun-2017,USD CNV 17-JUN 64.0000,640000000
1007144,1007151,OPTCUR,USDINR,15,28-Jun-2017,72057615512765118,1,4,OPTCUR,USDINR,2,28-Jun-2017,5,650000000,650000000,0,CE,PE,0,0,1,1,25000,1,1,25000,1,N,1008518,OPTCUR,USDINR,2,28-Jun-2017,USD CNV 17-JUN 65.0000,650000000
1008232,1008229,OPTCUR,USDINR,28,29-May-2017,72057615512765109,1,4,OPTCUR,USDINR,2,29-May-2017,5,637500000,637500000,0,CE,PE,0,0,1,1,25000,1,1,25000,1,N,1008446,OPTCUR,USDINR,2,29-May-2017,USD STD 17-MAY 63.7500,637500000
1008408,1008386,OPTCUR,USDINR,15,28-Jun-2017,72057615512765156,1,4,OPTCUR,USDINR,2,28-Jun-2017,5,627500000,627500000,0,CE,PE,0,0,1,1,25000,1,1,25000,1,N,1008734,OPTCUR,USDINR,2,28-Jun-2017,USD CNV 17-JUN 62.7500,627500000
1008181,1008174,OPTCUR,USDINR,15,29-May-2017,72057615512765100,1,4,OPTCUR,USDINR,2,29-May-2017,5,640000000,640000000,0,CE,PE,0,0,1,1,25000,1,1,25000,1,N,1008417,OPTCUR,USDINR,2,29-May-2017,USD CNV 17-MAY 64.0000,640000000
1008691,1008698,OPTCUR,USDINR,15,27-Jul-2017,72057615512765150,1,4,OPTCUR,USDINR,2,27-Jul-2017,5,640000000,640000000,0,CE,PE,0,0,1,1,25000,1,1,25000,1,N,1008728,OPTCUR,USDINR,2,27-Jul-2017,USD CNV 17-JUL 64.0000,640000000
1008684,1008692,OPTCUR,USDINR,28,27-Jul-2017,72057615512765175,1,4,OPTCUR,USDINR,2,27-Jul-2017,5,652500000,652500000,0,CE,PE,0,0,1,1,25000,1,1,25000,1,N,1008753,OPTCUR,USDINR,2,27-Jul-2017,USD STD 17-JUL 65.2500,652500000
1007135,1007141,OPTCUR,USDINR,15,28-Jun-2017,72057615512765121,1,4,OPTCUR,USDINR,2,28-Jun-2017,5,657500000,657500000,0,CE,PE,0,0,1,1,25000,1,1,25000,1,N,1008521,OPTCUR,USDINR,2,28-Jun-2017,USD CNV 17-JUN 65.7500,657500000
1008172,1008217,OPTCUR,USDINR,28,29-May-2017,72057615512765059,1,4,OPTCUR,USDINR,2,29-May-2017,5,662500000,662500000,0,CE,PE,0,0,1,1,25000,1,1,25000,1,N,1008256,OPTCUR,USDINR,2,29-May-2017,USD STD 17-MAY 66.2500,662500000
1008223,1008213,OPTCUR,USDINR,15,29-May-2017,72057615512765050,1,4,OPTCUR,USDINR,2,29-May-2017,5,657500000,657500000,0,CE,PE,0,0,1,1,25000,1,1,25000,1,N,1008247,OPTCUR,USDINR,2,29-May-2017,USD CNV 17-MAY 65.7500,657500000
1008220,1008210,OPTCUR,USDINR,28,29-May-2017,72057615512765062,1,4,OPTCUR,USDINR,2,29-May-2017,5,655000000,655000000,0,CE,PE,0,0,1,1,25000,1,1,25000,1,N,1008259,OPTCUR,USDINR,2,29-May-2017,USD STD 17-MAY 65.5000,655000000
1007157,1007108,OPTCUR,USDINR,28,28-Jun-2017,72057615512765125,1,4,OPTCUR,USDINR,2,28-Jun-2017,5,642500000,642500000,0,CE,PE,0,0,1,1,25000,1,1,25000,1,N,1008525,OPTCUR,USDINR,2,28-Jun-2017,USD STD 17-JUN 64.2500,642500000
1008209,1008194,OPTCUR,USDINR,15,29-May-2017,72057615512765056,1,4,OPTCUR,USDINR,2,29-May-2017,5,680000000,680000000,0,CE,PE,0,0,1,1,25000,1,1,25000,1,N,1008253,OPTCUR,USDINR,2,29-May-2017,USD CNV 17-MAY 68.0000,680000000
1007139,1007145,OPTCUR,USDINR,15,28-Jun-2017,72057615512765136,1,4,OPTCUR,USDINR,2,28-Jun-2017,5,662500000,662500000,0,CE,PE,0,0,1,1,25000,1,1,25000,1,N,1008629,OPTCUR,USDINR,2,28-Jun-2017,USD CNV 17-JUN 66.2500,662500000
1007136,1007142,OPTCUR,USDINR,28,28-Jun-2017,72057615512765135,1,4,OPTCUR,USDINR,2,28-Jun-2017,5,660000000,660000000,0,CE,PE,0,0,1,1,25000,1,1,25000,1,N,1008535,OPTCUR,USDINR,2,28-Jun-2017,USD STD 17-JUN 66.0000,660000000
1008206,1008192,OPTCUR,USDINR,28,29-May-2017,72057615512765066,1,4,OPTCUR,USDINR,2,29-May-2017,5,677500000,677500000,0,CE,PE,0,0,1,1,25000,1,1,25000,1,N,1008263,OPTCUR,USDINR,2,29-May-2017,USD STD 17-MAY 67.7500,677500000
1008215,1008202,OPTCUR,USDINR,28,29-May-2017,72057615512765057,1,4,OPTCUR,USDINR,2,29-May-2017,5,667500000,667500000,0,CE,PE,0,0,1,1,25000,1,1,25000,1,N,1008254,OPTCUR,USDINR,2,29-May-2017,USD STD 17-MAY 66.7500,667500000
