Symbol,Series,Extreme Loss Margin (May 2017)
20MICRONS,EQ,5.07
21STCENMGM,EQ,5
3IINFOTECH,EQ,5
3MINDIA,EQ,5
63MOONS,EQ,5
8KMILES,EQ,5
A2ZINFRA,EQ,5.24
AARTIDRUGS,EQ,5
AARTIIND,EQ,5
AARVEEDEN,EQ,5
ABAN,EQ,5
ABB,EQ,5
ABBOTINDIA,EQ,5
ABFRL,EQ,5
ABGSHIP,EQ,5
ABHISHEK,EQ,5
ABIRLANUVO,EQ,5
ABMINTLTD,EQ,24.06
ACC,EQ,5
ACCELYA,EQ,5
ACE,EQ,5
ACELAB,EQ,5
ACROPETAL,EQ,5
ADANIENT,EQ,5.46
ADANIPORTS,EQ,5
ADANIPOWER,EQ,5
ADANITRANS,EQ,5.63
ADARSHCHEM,EQ,5
ADFFOODS,EQ,5
ADHUNIK,EQ,5
ADHUNIKIND,EQ,5
ADITYASPIN,EQ,5
ADLABS,EQ,5
ADORWELD,EQ,5
ADSL,EQ,5
ADVANIHOTR,EQ,5
ADVENZYMES,EQ,5
AEC,EQ,5
AEGISCHEM,EQ,5
AFL,EQ,5
AFTEK,EQ,5
AGARIND,EQ,5
AGCNET,EQ,5.13
AGRIHATCH,EQ,5
AGRITECH,EQ,5.24
AGRODUTCH,EQ,5
AHLEAST,EQ,5
AHLUCONT,EQ,5
AHLWEST,EQ,5
AIAENG,EQ,5
AICHAMP,EQ,5
AIFL,EQ,5
AIMCOPEST,EQ,5
AJANTPHARM,EQ,5
AJMERA,EQ,5
AKAIMPEX,EQ,5
AKARLAMIN,EQ,5
AKGACOUST,EQ,5
AKSHARCHEM,EQ,5
AKSHOPTFBR,EQ,5
AKZOINDIA,EQ,5
ALANKIT,EQ,5.72
ALBERTDAVD,EQ,5
ALBK,EQ,5
ALBRMORARJ,EQ,5
ALCHEM,EQ,5.16
ALEMBICLTD,EQ,5
ALFREDHERB,EQ,5
ALIANCREDT,EQ,5
ALICON,EQ,5
ALKALI,EQ,5.53
ALKEM,EQ,5
ALKYLAMINE,EQ,5
ALLCARGO,EQ,5
ALLSEC,EQ,5.01
ALMONDZ,EQ,6
ALOKTEXT,EQ,5.41
ALPA,EQ,5
ALPHADRUG,EQ,5
ALPHAGEO,EQ,5
ALPINEIND,EQ,5
ALPSINDUS,EQ,6.38
ALSAMARINE,EQ,5
ALTOS,EQ,5
AMAR,EQ,5
AMARAJABAT,EQ,5
AMARDYCHEM,EQ,5
AMBASARABH,EQ,5
AMBICAAGAR,EQ,5
AMBIKCO,EQ,5
AMBUJACEM,EQ,5
AMBUJELCST,EQ,5
AMDIND,EQ,5
AMERICADRY,EQ,5
AMFORGEIND,EQ,5
AMRUTANJAN,EQ,5
AMRUTIND,EQ,5
AMTEKAUTO,EQ,5
AMTL,EQ,5
ANANDAMRUB,EQ,5
ANANTRAJ,EQ,5
ANDHRABANK,EQ,5
ANDHRACEMT,EQ,5.46
ANDHRAPET,EQ,5
ANDHRSUGAR,EQ,5
ANDREWYULE,EQ,5
ANGIND,EQ,5
ANIKINDS,EQ,5
ANKITMETAL,EQ,5.31
ANKURDRUGS,EQ,5
ANSALAPI,EQ,5.37
ANSALHOUS,EQ,5
ANSALHSG,EQ,6.13
ANTFRIBEAR,EQ,5
ANTGRAPHIC,EQ,5.5
APARINDS,EQ,5
APCL,EQ,5
APCOTEXIND,EQ,5
APLAPOLLO,EQ,5
APLLTD,EQ,5
APOLLOHOSP,EQ,5
APOLLOTUBE,EQ,5
APOLLOTYRE,EQ,5
APOLSINHOT,EQ,5.48
APOWERTOOL,EQ,5
APPLECREDT,EQ,5
APPLEIND,EQ,5
APTECHT,EQ,5.49
AQUA,EQ,5
ARAVALIIND,EQ,5
ARAVALISEC,EQ,5
ARCHIDPLY,EQ,5.5
ARCHIES,EQ,5.9
ARCOTECH,EQ,7.24
ARENTERP,EQ,5
ARIES,EQ,5.44
ARIHANT,EQ,6.97
ARIHANTIND,EQ,5
ARIHANTRED,EQ,5
ARIHANTSUP,EQ,5
ARMANFIN,EQ,5.17
AROGRANITE,EQ,5
ARROWGREEN,EQ,5
ARROWTEX,EQ,5.55
ARSHIYA,EQ,6.62
ARSSINFRA,EQ,5.68
ARTSONENGG,EQ,5
ARUNASUGAR,EQ,5
ARVIND,EQ,5
ARVINDREM,EQ,5
ARVSMART,EQ,5
ARYAFINFAB,EQ,5
ASAHIINDIA,EQ,5
ASAHISONG,EQ,5
ASAL,EQ,5
ASHAPURMIN,EQ,5
ASHCONIUL,EQ,5
ASHIANA,EQ,5
ASHIMASYN,EQ,5.47
ASHOKA,EQ,5
ASHOKALCO,EQ,5
ASHOKLEY,EQ,5
ASHOKORG,EQ,5
ASIANALLOY,EQ,5
ASIANCONSO,EQ,5
ASIANELEC,EQ,5
ASIANHOTNR,EQ,5
ASIANPAINT,EQ,5
ASIANTILES,EQ,5
ASIL,EQ,5.58
ASILIND,EQ,5
ASOCALCHOL,EQ,5
ASOCSTONE,EQ,5
ASPINWALL,EQ,5
ASSAMCO,EQ,5.25
ASSAMFRONT,EQ,5
ASTEC,EQ,5
ASTRAL,EQ,5
ASTRAMICRO,EQ,5
ASTRAZEN,EQ,5
ATASHIND,EQ,5
ATCOM,EQ,5
ATFL,EQ,5
ATLANTA,EQ,5
ATLANTSPG,EQ,5
ATLASCOPCO,EQ,5
ATLASCYCLE,EQ,5.77
ATNINTER,EQ,14.91
ATUL,EQ,5
ATULAUTO,EQ,5
ATVPETRO,EQ,5
ATVPROJ,EQ,5
AURANPAPER,EQ,5
AURIONPRO,EQ,5.04
AUROPHARMA,EQ,5
AUSOMENT,EQ,6.26
AUSTRAL,EQ,14.63
AUTOAXLES,EQ,5
AUTOCORP,EQ,5
AUTOIND,EQ,5
AUTOLEC,EQ,5
AUTOLITIND,EQ,5
AUTOPALIND,EQ,5
AUTORIDFIN,EQ,5
AVANTI,EQ,5
AVANTIFEED,EQ,5
AVERY,EQ,5
AVONIND,EQ,5
AVTNPL,EQ,5
AXISBANK,EQ,5
AXISCADES,EQ,5.28
AXISGOLD,EQ,5
AYMSYNTEX,EQ,5
BAFNAPHARM,EQ,5
BAGFILMS,EQ,5
BAGWATIGAS,EQ,5
BAJAJ-AUTO,EQ,5
BAJAJCORP,EQ,5
BAJAJELEC,EQ,5
BAJAJFINSV,EQ,5
BAJAJHIND,EQ,5
BAJAJHLDNG,EQ,5
BAJAJTEMPO,EQ,5
BAJFINANCE,EQ,5
BAKELHYLAM,EQ,5
BALAJHOTEL,EQ,5
BALAJIDIST,EQ,5
BALAJIIND,EQ,5
BALAJITELE,EQ,5
BALAMINES,EQ,5
BALKRISHNA,EQ,5.43
BALKRISIND,EQ,5
BALLARPUR,EQ,5
BALMLAWRIE,EQ,5
BALPHARMA,EQ,5
BALRAMCHIN,EQ,5
BALURTRANS,EQ,5
BANARBEADS,EQ,6.64
BANARISUG,EQ,5
BANCOINDIA,EQ,5
BANCOPROD,EQ,5
BANG,EQ,6.55
BANKBARODA,EQ,5
BANKBEES,EQ,5
BANKINDIA,EQ,5
BANSWRAS,EQ,5
BARATBIJLE,EQ,5
BARODARAYN,EQ,5
BARTRONICS,EQ,6.65
BASF,EQ,5
BASML,EQ,5
BATAINDIA,EQ,5
BAUSCHLOMB,EQ,5
BAYER,EQ,5
BAYERCROP,EQ,5
BBL,EQ,5
BBTC,EQ,5
BEARDSELL,EQ,5.69
BECREL,EQ,5
BEDMUTHA,EQ,5.94
BEL,EQ,5
BELCONTROL,EQ,5
BELLARYSTL,EQ,5
BEML,EQ,5
BENTOLCHEM,EQ,5
BEPL,EQ,5.25
BERGEPAINT,EQ,5
BESTAVISON,EQ,5
BESTCROMP,EQ,5
BETANAPTOL,EQ,5
BFINVEST,EQ,5
BFUTILITIE,EQ,5
BGLOBAL,EQ,6.21
BGRENERGY,EQ,5
BHAGERIA,EQ,5
BHAGYNAGAR,EQ,5.07
BHANDARI,EQ,5.67
BHARATFIN,EQ,5.01
BHARATFORG,EQ,5
BHARATGEAR,EQ,5
BHARATHOT,EQ,5
BHARATIDIL,EQ,5
BHARATRAS,EQ,5
BHARATWIRE,EQ,5.08
BHARTIARTL,EQ,5
BHEL,EQ,5
BHORIND,EQ,5
BHUPENCAP,EQ,5
BHUSANSTL,EQ,5.15
BIGBLOC,EQ,5
BIHARALLOY,EQ,5
BIHARCAUST,EQ,5
BIHARSPONG,EQ,5
BIL,EQ,5
BILENERGY,EQ,8.63
BILPOWER,EQ,5
BIMETBRG,EQ,5
BINANIIND,EQ,5.61
BINANIZINC,EQ,5
BINDALAGRO,EQ,5
BIOCON,EQ,5
BIOFILCHEM,EQ,5
BIRLACABLE,EQ,5
BIRLACORPN,EQ,5
BIRLACOT,EQ,65.46
BIRLAMONEY,EQ,5.66
BIRLAPOWER,EQ,5
BIRLAYAMAH,EQ,5
BLBLIMITED,EQ,7.67
BLISSGVS,EQ,5
BLKASHYAP,EQ,5.27
BLS,EQ,5
BLUEBIRD,EQ,5
BLUEBLENDS,EQ,5.16
BLUECHIP,EQ,13.45
BLUECOAST,EQ,5
BLUEDART,EQ,5
BLUESTARCO,EQ,5
BODALCHEM,EQ,5
BOMDYEING,EQ,5
BOOTSPHARM,EQ,5
BOROGLASS,EQ,5
BOSCHLTD,EQ,5
BPCL,EQ,5
BPL,EQ,5.56
BPLENGG,EQ,5
BPLSANUTIL,EQ,5
BRANDHOUSE,EQ,5
BRFL,EQ,5
BRIGADE,EQ,5
BRIGHTBROS,EQ,5
BRITANNIA,EQ,5
BRITEAUTO,EQ,5
BROADCAST,EQ,5
BROOKS,EQ,5
BSE,EQ,5
BSELINFRA,EQ,6.83
BSI,EQ,5
BSL,EQ,5.01
BSLGOLDETF,EQ,5
BSLIMITED,EQ,5.34
BSLNIFTY,EQ,5
BTWIND,EQ,5
BURNPUR,EQ,5.54
BURRBROWN,EQ,5
BURRWELCOM,EQ,5
BUTTERFLY,EQ,5
BUWALKASTL,EQ,5
BVCL,EQ,5.31
BYKE,EQ,5
CABOTINDIA,EQ,5
CADBURY,EQ,5
CADILAHC,EQ,5
CAIRN,EQ,5
CALSOFT,EQ,5
CAMLINFINE,EQ,5
CAMPALLIED,EQ,5
CANBK,EQ,5
CANDC,EQ,6.88
CANFINHOME,EQ,5.14
CANTABIL,EQ,5
CAPF,EQ,5
CAPLIPOINT,EQ,5
CAPRIHANS,EQ,5
CAPTRUST,EQ,5
CARBORUNIV,EQ,5
CAREERP,EQ,5
CARERATING,EQ,5
CARRIERAIR,EQ,5
CASTEXTECH,EQ,5
CASTROLIND,EQ,5
CAUVERSOFT,EQ,5
CCCL,EQ,6.13
CCHHL,EQ,5
CCI,EQ,5
CCL,EQ,5
CDRMEDICAL,EQ,5
CEATLTD,EQ,5
CEBBCO,EQ,5
CEENIKEXPO,EQ,5
CELEBRITY,EQ,6.13
CELESTE,EQ,5
CELESTIAL,EQ,5
CENTAKCHEM,EQ,5
CENTENKA,EQ,5
CENTEXT,EQ,6.15
CENTRALBK,EQ,5
CENTRLROAD,EQ,5
CENTUM,EQ,5
CENTURYPLY,EQ,5
CENTURYTEX,EQ,5
CEPHAMILK,EQ,5
CERA,EQ,5
CEREBRAINT,EQ,6.11
CESC,EQ,5
CGCL,EQ,5.61
CGGLASS,EQ,5
CGPOWER,EQ,5
CHAMBLFERT,EQ,5
CHEMFALKAL,EQ,5
CHEMOXSEC,EQ,5
CHENNPETRO,EQ,5
CHETNADCEM,EQ,5
CHOKAINTL,EQ,5
CHOKSITUBE,EQ,5
CHOLAFIN,EQ,5
CHOWGULSTM,EQ,5
CHROMATIC,EQ,5
CIBASPEC,EQ,5
CIGNITITEC,EQ,5
CIMCOBIRLA,EQ,5
CIMMCO,EQ,5.49
CINELINE,EQ,5
CINEVISTA,EQ,6.65
CIPLA,EQ,5
CITURGIBIO,EQ,5
CLASSIC,EQ,5
CLEDUCATE,EQ,5
CLIFCO,EQ,5
CLNINDIA,EQ,5
CLUTCHAUTO,EQ,5
CMAHENDRA,EQ,5
CMICABLES,EQ,5
CNOVAPETRO,EQ,5.15
COALINDIA,EQ,5
COFFEEDAY,EQ,5
COLPAL,EQ,5
COMPACDISC,EQ,5
COMPINFO,EQ,6.99
COMPUSOFT,EQ,5.49
COMPUTECH,EQ,5
CONCOR,EQ,5
CONSOFINVT,EQ,5
CONTNLCONS,EQ,5
CONTROLPR,EQ,5
CORALFINAC,EQ,55.21
CORAL-HUB,EQ,5
CORDSCABLE,EQ,6.25
COREEDUTEC,EQ,5
COREPARENT,EQ,5
COROMANDEL,EQ,5
CORPBANK,EQ,5
COSMOFILMS,EQ,5
COUNCODOS,EQ,5.24
COX&KINGS,EQ,5
CPSEETF,EQ,5
CRANESSOFT,EQ,5
CREATIVEYE,EQ,5
CREST,EQ,6.6
CRESTANI,EQ,5
CREWBOS,EQ,5
CRISIL,EQ,5
CRMFGETF,EQ,5
CROMPTON,EQ,5
CTCOTTON,EQ,5
CTE,EQ,5
CUB,EQ,5
CUBEXTUB,EQ,5
CUMMINSIND,EQ,5
CUPID,EQ,5
CURATECH,EQ,5
CYBERMEDIA,EQ,5
CYBERTECH,EQ,5
CYIENT,EQ,5
DAAWAT,EQ,5
DABUR,EQ,5
DAGERFORST,EQ,5
DAICHIKARK,EQ,5
DALALSTCOM,EQ,5
DALMIABHA,EQ,5
DALMIASUG,EQ,5
DAMANIAAIR,EQ,5
DAMANIACM,EQ,5
DAMODARIND,EQ,5
DARTLTD,EQ,5
DATAMATICS,EQ,5.78
DATAPROINF,EQ,5
DATARSWICH,EQ,5
DAURALAORG,EQ,5
DBCORP,EQ,5
DBL,EQ,5
DBREALTY,EQ,5
DBSTOCKBRO,EQ,5
DCBBANK,EQ,5
DCHL,EQ,5
DCM,EQ,5
DCMDAEWOO,EQ,5
DCMFINSERV,EQ,5
DCMSHRIRAM,EQ,5
DCMSRMIND,EQ,5
DCW,EQ,5
DECANGRAN,EQ,5
DECCANCE,EQ,5
DECCANCEM,EQ,5
DECOLIGHT,EQ,5
DEEPAKFERT,EQ,5
DEEPAKNITR,EQ,5
DEEPAKNTR,EQ,5
DEEPAKSPIN,EQ,5
DEEPHARMA,EQ,5
DEEPIND,EQ,5
DELTACORP,EQ,6.54
DELTAMAGNT,EQ,5
DEN,EQ,5
DENABANK,EQ,5
DENMURFAX,EQ,5
DENORA,EQ,5
DEWANRUB,EQ,5
DEWANSTEEL,EQ,5
DEWANTYRE,EQ,5
DFMFOODS,EQ,5
DHAMPURSUG,EQ,5
DHANBANK,EQ,5
DHANUKA,EQ,5
DHANUS,EQ,5
DHARAMORAR,EQ,5
DHARNENIND,EQ,5
DHARSUGAR,EQ,5.98
DHFL,EQ,5
DHUNINV,EQ,5
DIAPOWER,EQ,6.54
DICIND,EQ,5
DIGJAMLTD,EQ,5.07
DISHMAN,EQ,5
DISHTV,EQ,5
DIVISLAB,EQ,5.5
DLF,EQ,5
DLINKINDIA,EQ,5
DMART,EQ,5.1
DOLLAR,EQ,5
DOLPHINOFF,EQ,5.7
DONEAR,EQ,5
DOONVALLEY,EQ,5
DPL,EQ,5
DPSCLTD,EQ,5
DQE,EQ,5
DRBECK,EQ,5
DRDATSONS,EQ,5
DREDGECORP,EQ,5
DRREDDY,EQ,5
DSKULKARNI,EQ,5
DSSL,EQ,5.47
DTIL,EQ,5
DUCON,EQ,6.36
DUNCANSIND,EQ,5
DUNCANSLTD,EQ,5
DUNLOP,EQ,5
DWARKESH,EQ,5
DYNAMATECH,EQ,5
DYNAPHARMA,EQ,5
EARNHEALTH,EQ,5
EASTMINING,EQ,5
EASTOVERSE,EQ,5
EASTSILK,EQ,5
EASTSUGIND,EQ,5
EASUNREYRL,EQ,5.67
EBANK,EQ,5
ECEIND,EQ,5
ECLERX,EQ,5
EDELWEISS,EQ,5
EDL,EQ,5
EDSERV,EQ,5
EDUCOMP,EQ,5
EICHERMOT,EQ,5
EIDERTELE,EQ,5
EIDPARRY,EQ,5
EIHAHOTELS,EQ,5
EIHOTEL,EQ,5
EIMCOELECO,EQ,5
EKC,EQ,5
ELAND,EQ,5.08
ELBEE,EQ,5
ELDERPHARM,EQ,5
ELECON,EQ,5
ELECONENGG,EQ,5
ELECTCAST,EQ,5
ELECTHERM,EQ,5.22
ELECTRA,EQ,5
ELECTRX,EQ,5
ELGIEQUIP,EQ,5
ELGIRUBCO,EQ,5.58
ELNET,EQ,5
ELPROINTL,EQ,5
EMAMIINFRA,EQ,5.59
EMAMILTD,EQ,5
EMCO,EQ,5
EMCOTRANS,EQ,5
EMKAY,EQ,5
EMMBI,EQ,5
EMPEESUG,EQ,5
EMPEESUGAR,EQ,5
EMTEXIND,EQ,5
ENARAIFIN,EQ,5
ENDURANCE,EQ,5
ENERGYDEV,EQ,7.03
ENGINERSIN,EQ,5
ENIL,EQ,5
ENOREFONRY,EQ,5
ENTEGRA,EQ,5
EON,EQ,5
EQ30,EQ,5.69
EQUITAS,EQ,5
ERAINFRA,EQ,5
EROSMEDIA,EQ,5.14
ESABINDIA,EQ,5
ESCORTS,EQ,5
ESCORTSFIN,EQ,5
ESL,EQ,6.84
ESSARSHPNG,EQ,5
ESSDEE,EQ,5
ESSELPACK,EQ,5
ESTCSTSTEL,EQ,5
ESTER,EQ,5.3
ESTERIND,EQ,5
ESTWSTRAV,EQ,5
ETPCORP,EQ,5
EUPHARMLAB,EQ,5
EUROCERA,EQ,5
EUROMULTI,EQ,5
EUROSOFTAL,EQ,5
EUROTEXIND,EQ,6.76
EVEREADY,EQ,5
EVERESTIND,EQ,5
EVERONN,EQ,5
EVINIX,EQ,5
EXCEL,EQ,6.44
EXCELCROP,EQ,5
EXCELINDUS,EQ,5
EXIDEIND,EQ,5
FACT,EQ,5.84
FAGBEARING,EQ,5
FAIRCHEM,EQ,5
FALCONTYRE,EQ,5
FARMAXIND,EQ,43.68
FASTCAP,EQ,5
FAZETHREE,EQ,5
FCL,EQ,5.18
FCONSUMER,EQ,5
FCSSOFT,EQ,17.82
FDC,EQ,5
FEDDERLOYD,EQ,5
FEDERALBNK,EQ,5
FEL,EQ,5
FELDVR,EQ,5
FEMNORMIN,EQ,5
FERROALLOY,EQ,5
FGPIND,EQ,5
FICOMORGAN,EQ,5
FIEMIND,EQ,5
FILATEX,EQ,5.65
FINCABLES,EQ,5
FINPIPE,EQ,5
FIRSTLEASE,EQ,5
FIRSTWIN,EQ,5
FISHFALCON,EQ,5
FLATPROD,EQ,5
FLEXITUFF,EQ,5
FLFL,EQ,5
FMGOETZE,EQ,5
FMNL,EQ,7.89
FORBESGOK,EQ,5
FORTIS,EQ,5
FORTISFIN,EQ,5
FOSECOIND,EQ,5
FRETAIL,EQ,5
FSL,EQ,5
FULFORD,EQ,5
GABRIEL,EQ,5
GAEL,EQ,5
GAIL,EQ,5
GAL,EQ,6.02
GALLANTT,EQ,5
GALLISPAT,EQ,5
GALPOWTEL,EQ,5
GAMMNINFRA,EQ,5
GAMMONIND,EQ,5
GANDHITUBE,EQ,5
GANECOS,EQ,5
GANESHANHY,EQ,5
GANESHBENZ,EQ,5
GANESHHOUC,EQ,5.24
GANGOTEX,EQ,5
GANGOTRI,EQ,5.34
GANHSGFIN,EQ,5
GARDENSILK,EQ,5
GARWALLROP,EQ,5
GARWARPOLY,EQ,5
GARWARSHIP,EQ,5
GATI,EQ,5
GAYAPROJ,EQ,5
GDL,EQ,5
GECALSTHOM,EQ,5
GEECEE,EQ,5
GEEKAYEXIM,EQ,5
GEINDSYS,EQ,5
GEMINI,EQ,5
GEMSPIN,EQ,5
GENESYS,EQ,5.99
GENUSPAPER,EQ,5
GENUSPOWER,EQ,5
GEODESIC,EQ,5
GEOJITFSL,EQ,5
GEOMETRIC,EQ,5
GEORGFISCH,EQ,5
GEPIL,EQ,5
GESHIP,EQ,5
GESTETNER,EQ,5
GET&D,EQ,5
GHCL,EQ,5
GICBAL,EQ,5
GICHSGFIN,EQ,5
GILLANDERS,EQ,5
GILLETTE,EQ,5
GINNIFILA,EQ,5
GIPCL,EQ,5
GISOLUTION,EQ,5
GITANJALI,EQ,5.16
GKWLIMITED,EQ,5
GLAXO,EQ,5
GLENMARK,EQ,5
GLFL,EQ,5
GLOBABOARD,EQ,5
GLOBALVECT,EQ,5.46
GLOBOFFS,EQ,6.73
GLOBUSSPR,EQ,5.07
GLODYNE,EQ,5
GLORY,EQ,5
GMBREW,EQ,5
GMDCLTD,EQ,5
GMRINFRA,EQ,5
GMRVASAVI,EQ,5
GMSIND,EQ,5
GNA,EQ,5
GNFC,EQ,5
GOACARBON,EQ,5
GOCLCORP,EQ,5
GODFRYPHLP,EQ,5.13
GODREJCP,EQ,5
GODREJIND,EQ,5
GODREJPROP,EQ,5
GOENKA,EQ,7.05
GOKEX,EQ,5
GOKUL,EQ,6.22
GOKULAGRO,EQ,6.42
GOLCRESFIN,EQ,5
GOLDBEES,EQ,5
GOLDENTOBC,EQ,5
GOLDIAM,EQ,5
GOLDINFRA,EQ,6.9
GOLDIWIN,EQ,5
GOLDSHARE,EQ,5
GOLDTECH,EQ,6.76
GONTERPEIP,EQ,5
GOODLUCK,EQ,5
GOODRICKE,EQ,5
GOODVALUE,EQ,5
GOODYEAR,EQ,5
GORDONHERB,EQ,5
GOVINRUBER,EQ,5
GPIL,EQ,5.77
GPPL,EQ,5
GPTINFRA,EQ,5
GRANDFONRY,EQ,5
GRANULES,EQ,5
GRAPCOGRAN,EQ,5
GRAPCOMIN,EQ,5
GRAPHITE,EQ,5
GRASIM,EQ,5
GRAVITA,EQ,5.03
GREAVESCOT,EQ,5
GREENFIRE,EQ,5.54
GREENLAM,EQ,5
GREENPLY,EQ,5
GREENPOWER,EQ,5
GRINDWELL,EQ,5
GRINWELNOR,EQ,5
GROBTEA,EQ,5
GROWTECHNO,EQ,5
GRPLTD,EQ,5
GRUH,EQ,5
GSCLCEMENT,EQ,5
GSFC,EQ,5
GSKCONS,EQ,5
GSL,EQ,5
GSPL,EQ,5
GSS,EQ,5.18
GTL,EQ,5.24
GTLINFRA,EQ,5.87
GTNIND,EQ,7.21
GTNTEX,EQ,6.99
GTOFFSHORE,EQ,5.78
GUFICBIO,EQ,5.02
GUJALKALI,EQ,5
GUJAPOLEQP,EQ,5
GUJAPOLLO,EQ,5
GUJBOROSIL,EQ,5
GUJCOTEX,EQ,5
GUJCYPROM,EQ,5
GUJFLUORO,EQ,5
GUJGASLTD,EQ,5
GUJNRECOKE,EQ,5
GUJNREDVR,EQ,5.14
GUJOPTICAL,EQ,5
GUJRAFFIA,EQ,5
GUJRATTELE,EQ,5
GUJTHEMIS,EQ,5
GULFOILLUB,EQ,5
GULFPETRO,EQ,5
GULPOLY,EQ,5
GVKPIL,EQ,5
HANUNG,EQ,5
HARIAEXPO,EQ,5
HARIGCRANK,EQ,5
HARITASEAT,EQ,5
HARRMALAYA,EQ,5
HARYANPETR,EQ,5
HARYANSHET,EQ,5
HATHWAY,EQ,5
HATSUN,EQ,5
HAVELLS,EQ,5
HAWKINCOOK,EQ,5
HBLPOWER,EQ,5
HBSTOCK,EQ,6.77
HCC,EQ,5
HCG,EQ,5
HCL-INSYS,EQ,5.06
HCLTECH,EQ,5
HDFC,EQ,5
HDFCBANK,EQ,5
HDFCMFGETF,EQ,5
HDFCNIFETF,EQ,5
HDFCSENETF,EQ,5
HDIL,EQ,5
HEG,EQ,5
HEIDELBERG,EQ,5
HELIOSMATH,EQ,5
HERBETSON,EQ,5
HERCULES,EQ,5
HERDIOXIDE,EQ,5
HERITGFOOD,EQ,5
HEROMOTOCO,EQ,5
HESTERBIO,EQ,5
HEXATRADEX,EQ,5
HEXAWARE,EQ,5
HFCL,EQ,5
HGS,EQ,5
HIGHGROUND,EQ,6.9
HIKAL,EQ,5
HIL,EQ,5
HILTON,EQ,6.82
HIMADCHEM,EQ,5
HIMATSEIDE,EQ,5
HIMGRANITE,EQ,5
HINDALCO,EQ,5
HINDCOMPOS,EQ,5
HINDCOPPER,EQ,5
HINDDORROL,EQ,5
HINDIND,EQ,5
HINDINDCHM,EQ,5
HINDMOTORS,EQ,5.9
HINDNATGLS,EQ,5.55
HINDNITRO,EQ,5
HINDOILEXP,EQ,5
HINDPETRO,EQ,5
HINDRECT,EQ,5
HINDSYNTEX,EQ,6.27
HINDTINWRK,EQ,5
HINDUJAFO,EQ,5
HINDUJAVEN,EQ,5
HINDUNILVR,EQ,5
HINDZINC,EQ,5
HINPOWPLUS,EQ,5
HIRECT,EQ,5
HISARMETAL,EQ,5.75
HITECHGEAR,EQ,5
HITECHIJEW,EQ,5
HITECHPLAS,EQ,5
HMGIND,EQ,5
HMT,EQ,5
HMVL,EQ,5
HNGSNGBEES,EQ,5
HOCL,EQ,6.18
HOGANAS,EQ,5
HONAUT,EQ,5
HONDAPOWER,EQ,5
HOTELEELA,EQ,5
HOTELRUGBY,EQ,9.92
HOTLINGLAS,EQ,5
HOVS,EQ,5.82
HPL,EQ,5.59
HSCL,EQ,5
HSIL,EQ,5
HTMEDIA,EQ,5
HUBTOWN,EQ,5
HYTSNMAGNT,EQ,5
IBREALEST,EQ,7.09
IBULHSGFIN,EQ,5
IBVENTURES,EQ,5.63
ICDSLTD,EQ,5
ICICIBANK,EQ,5
ICICIPRULI,EQ,5
ICIL,EQ,5
ICRA,EQ,5
ICSA,EQ,5
IDBI,EQ,5
IDBIGOLD,EQ,5
IDEA,EQ,5.04
IDFC,EQ,5
IDFCBANK,EQ,5
IDFNIFTYET,EQ,5
IDLCHEM,EQ,5
IFBAGRO,EQ,5
IFBIND,EQ,5
IFBVENTUR,EQ,5
IFCI,EQ,5
IFGLREFRAC,EQ,5
IGARASHI,EQ,5
IGGIRESORT,EQ,5
IGL,EQ,5
IGPETRO,EQ,5
IGPL,EQ,5
IIFL,EQ,5
IITL,EQ,5
IL&FSENGG,EQ,5
IL&FSTRANS,EQ,5
IMFA,EQ,5.59
IMPAL,EQ,5
IMPEXFERRO,EQ,5
INDAIRYSPE,EQ,5
INDAL,EQ,5
INDBANK,EQ,5
INDBANKMER,EQ,5
INDBIOFOOD,EQ,5
INDHOTEL,EQ,5
INDIACEM,EQ,5
INDIAGLYCO,EQ,5
INDIALEASE,EQ,5
INDIANACRY,EQ,5
INDIANB,EQ,5
INDIANCARD,EQ,5
INDIANHUME,EQ,5
INDIANORG,EQ,5
INDIAPHOTO,EQ,5
INDIASEC,EQ,5
INDIGO,EQ,5
INDLMETER,EQ,5
INDNIPPON,EQ,5
INDOASAHI,EQ,5
INDOCO,EQ,5
INDOCOUNT,EQ,5
INDOFREBIO,EQ,5
INDOMATAPP,EQ,5
INDORAMA,EQ,5
INDORAMSYN,EQ,5
INDOSOLAR,EQ,5
INDOTECH,EQ,5
INDOTHAI,EQ,5.4
INDOWIND,EQ,5
INDOZINC,EQ,5
INDRAMEDCO,EQ,5
INDRATNA,EQ,5
INDSEAMFIN,EQ,5
INDSTMSHIP,EQ,5
INDSWFTLAB,EQ,5
INDSWFTLTD,EQ,7.24
INDTERRAIN,EQ,5
INDTRADECO,EQ,5
INDUNISSAN,EQ,5
INDUSFILA,EQ,5
INDUSINDBK,EQ,5
INDYESTUF,EQ,5
INEOSSTYRO,EQ,5
INERTIAIND,EQ,5
INFARINDIA,EQ,5
INFIBEAM,EQ,5
INFINITE,EQ,5
INFOMEDIA,EQ,5.1
INFRABEES,EQ,5
INFRATEL,EQ,5
INFY,EQ,5
INGERRAND,EQ,5
INNOIND,EQ,5
INOVATMARN,EQ,5
INOXLEISUR,EQ,5
INOXWIND,EQ,5
INSECTICID,EQ,5
INSILCO,EQ,5
INTCOMTECH,EQ,5
INTEGRA,EQ,5
INTEGRFIN,EQ,5
INTELLECT,EQ,5
INTENTECH,EQ,5
INTLTRAVHS,EQ,5
INVELTRANS,EQ,5
INVENTURE,EQ,6.41
IOB,EQ,5
IOC,EQ,5
IOLCP,EQ,5.1
IOLN,EQ,5
IONEXCHANG,EQ,5
IPAPPM,EQ,5
IPCALAB,EQ,5
IPRINGS,EQ,5
IRB,EQ,5
ISFT,EQ,5
ISIBARS,EQ,5
ISMTLTD,EQ,6.24
ISPATALLOY,EQ,5
ISPATPROF,EQ,5
ISSAL,EQ,5
ISWARMEDIC,EQ,5
ITC,EQ,5
ITDC,EQ,8.01
ITDCEM,EQ,5
ITI,EQ,7.19
ITIL,EQ,5
ITWSIGNODE,EQ,5
IVC,EQ,5
IVP,EQ,5
IVRCLINFRA,EQ,5
IVZINGOLD,EQ,5
IVZINNIFTY,EQ,5
IZMO,EQ,5
J&KBANK,EQ,5
JAGAJITIND,EQ,5
JAGRAN,EQ,5
JAGSNPHARM,EQ,5
JAIBALAJI,EQ,5.59
JAICORPLTD,EQ,5
JAIHINDPRO,EQ,6.17
JAINPLAST,EQ,5
JAINSTUDIO,EQ,5
JAIPARBOLI,EQ,5
JALANFORG,EQ,5
JAMNAAUTO,EQ,5
JAMNAUTO,EQ,5
JASCHIND,EQ,5
JASWALGRAN,EQ,5
JAYAGROGN,EQ,5
JAYBARMARU,EQ,5.92
JAYBUSMAC,EQ,5
JAYDYSTUF,EQ,5
JAYNECOIND,EQ,5
JAYSREETEA,EQ,5
JBCHEPHARM,EQ,5
JBFIND,EQ,5
JBMA,EQ,5
JCHAC,EQ,5
JCT,EQ,5
JCTEL,EQ,5
JENSONICOL,EQ,6.23
JERSY,EQ,5
JETAIRWAYS,EQ,5
JFLABS,EQ,5
JHS,EQ,5
JIKIND,EQ,6.06
JINDALPHOT,EQ,5
JINDALPOLY,EQ,5
JINDALSAW,EQ,5
JINDALSTEL,EQ,5
JINDCOT,EQ,5
JINDRILL,EQ,5
JINDWORLD,EQ,7.29
JISLDVREQS,EQ,5
JISLJALEQS,EQ,5
JITFINFRA,EQ,6.58
JKCEMENT,EQ,5
JKCORP,EQ,5
JKDAIRY,EQ,5
JKIL,EQ,5
JKIND,EQ,5
JKLAKSHMI,EQ,5
JKPAPER,EQ,5
JKPHARMA,EQ,5
JKSYNTHETC,EQ,5
JKTYRE,EQ,5
JKUDYOG,EQ,5
JMA,EQ,5
JMCPROJECT,EQ,5
JMFINANCIL,EQ,5.17
JMSHARE,EQ,5
JMTAUTOLTD,EQ,5
JOCIL,EQ,5
JORDENGG,EQ,5
JPASSOCIAT,EQ,6.22
JPINFRATEC,EQ,6.61
JPOLYINVST,EQ,5
JPPOWER,EQ,5.4
JSL,EQ,5
JSLHISAR,EQ,5
JSWENERGY,EQ,5
JSWHL,EQ,5
JSWSTEEL,EQ,5
JUBILANT,EQ,5
JUBLFOOD,EQ,5
JUBLINDS,EQ,6.21
JUNIORBEES,EQ,5
JUPITER,EQ,5
JUSTDIAL,EQ,5
JVLAGRO,EQ,5
JYOTHYLAB,EQ,5
JYOTISTRUC,EQ,5.88
KABRAEXTRU,EQ,5
KAJARIACER,EQ,5
KAKATCEM,EQ,5.84
KALINDEE,EQ,5
KALPATPOWR,EQ,5
KALYANIFRG,EQ,5
KALYANISHP,EQ,5
KALYANISTL,EQ,5
KAMATHOTEL,EQ,5.39
KAMDHENU,EQ,5.43
KAMPERCONC,EQ,5
KANAKSTEEL,EQ,5
KANANIIND,EQ,7.31
KANELOIL,EQ,5
KANORICHEM,EQ,5
KANSAINER,EQ,5
KARMAENG,EQ,7.88
KARUNACAB,EQ,5
KARURVYSYA,EQ,5
KAUSHALYA,EQ,6.36
KAVVERITEL,EQ,6.73
KAYA,EQ,5
KCP,EQ,5
KCPSUGIND,EQ,5
KDDL,EQ,5
KEC,EQ,5
KECL,EQ,5.36
KEI,EQ,5
KELLTONTEC,EQ,5
KELVINATOR,EQ,5
KEMROCK,EQ,5
KERALACHEM,EQ,5
KERNEX,EQ,5
KESARENT,EQ,6.98
KESARENTER,EQ,5
KESORAMIND,EQ,5
KESWANISYN,EQ,5
KEYCORPSER,EQ,5
KFA,EQ,5
KGDENIM,EQ,5
KGKHOSLA,EQ,5
KGL,EQ,5.76
KHAITANELE,EQ,5.54
KHAITANLTD,EQ,5
KHANDSE,EQ,5
KHATJUNKER,EQ,5
KICL,EQ,5
KILBUNENGG,EQ,5
KILITCH,EQ,5.69
KINETICENG,EQ,5
KINGFA,EQ,5
KINGSINTL,EQ,5
KIOCL,EQ,5
KIRANOVER,EQ,5
KIRELECTRI,EQ,5
KIRIINDUS,EQ,5
KIRLOSBROS,EQ,5
KIRLOSELEC,EQ,5
KIRLOSENG,EQ,5
KIRLOSFERR,EQ,5
KIRLOSIND,EQ,5
KIRLOSINV,EQ,5
KIRLOSPNEU,EQ,5
KITEX,EQ,5
KITPLYIND,EQ,5
KITSTEEL,EQ,5
KJINTL,EQ,5
KKCL,EQ,5
KLGSYSTEL,EQ,5
KMF,EQ,5
KMSUGAR,EQ,5.23
KNDENGTECH,EQ,5
KNRCON,EQ,5
KOHINOOR,EQ,6.03
KOKUYOCMLN,EQ,5
KOLTEPATIL,EQ,5.99
KOPDRUGS,EQ,5
KOPRAN,EQ,5
KOTAKBANK,EQ,5
KOTAKBKETF,EQ,5
KOTAKGOLD,EQ,5
KOTAKNIFTY,EQ,5
KOTAKNV20,EQ,5
KOTAKPSUBK,EQ,5
KOTARISUG,EQ,5
KOTHARINDL,EQ,5
KOTHARIPET,EQ,5
KOTHARIPRO,EQ,5
KOUTONS,EQ,5
KPIT,EQ,5
KPRMILL,EQ,5
KRBL,EQ,5
KREBSBIO,EQ,5
KRIDHANINF,EQ,5.45
KRISHNAENG,EQ,5
KRISNAFILA,EQ,5
KRONECOMM,EQ,5
KSBPUMPS,EQ,5
KSCL,EQ,5
KSERASERA,EQ,33.57
KSK,EQ,6.3
KSL,EQ,5
KSOILS,EQ,5
KTIL,EQ,5
KTKBANK,EQ,5
KUSUMINGOT,EQ,5
KWALITY,EQ,5
L&TFH,EQ,5
LABHCONST,EQ,5
LAKHNNATNL,EQ,5
LAKPRE,EQ,5.64
LAKSELECON,EQ,5
LAKSHMIEFL,EQ,5.5
LAKSHMILL,EQ,5
LAKSHVILAS,EQ,5
LALPATHLAB,EQ,5
LAMBODHARA,EQ,5
LANCOIND,EQ,5
LANESEDA,EQ,5
LAOPALA,EQ,5
LAURUSLABS,EQ,5
LAXMIMACH,EQ,5
LAXMIPREC,EQ,5
LCCINFOTEC,EQ,17.36
LDTEXT,EQ,5
LEENATEX,EQ,5
LFIC,EQ,5
LGBBROSLTD,EQ,5
LGBFORGE,EQ,5.36
LIBERTSHOE,EQ,5
LICHSGFIN,EQ,5
LICNETFGSC,EQ,5
LICNETFN50,EQ,5
LICNETFSEN,EQ,6.1
LICNFNHGP,EQ,8.47
LINCOLN,EQ,5
LINCPEN,EQ,5
LINDEINDIA,EQ,5
LIQUIDBEES,EQ,5
LITL,EQ,5
LKPMERFIN,EQ,5
LLOYDELENG,EQ,5
LLOYDFIN,EQ,5
LLOYDMETAL,EQ,5
LML,EQ,5
LOKESHMACH,EQ,5
LOKHSG,EQ,5
LOTUSEYE,EQ,7.2
LOVABLE,EQ,5
LPDC,EQ,5
LSIL,EQ,6.92
LT,EQ,5
LTI,EQ,5
LTTS,EQ,5
LUMAXAUTO,EQ,5
LUMAXIND,EQ,5.14
LUMAXTECH,EQ,5
LUNARDIAM,EQ,5
LUPIN,EQ,5
LUXIND,EQ,5
LYCOS,EQ,5
LYKALABS,EQ,5
LYPSAGEMS,EQ,5
M&M,EQ,5
M&MFIN,EQ,5
M100,EQ,5
M50,EQ,5
MAANALU,EQ,5
MAARSOFTW,EQ,5
MADHAV,EQ,5
MADHUCON,EQ,5.6
MADHURFOOD,EQ,5
MADHUSYNTX,EQ,5
MADRASALMN,EQ,5
MADRASFERT,EQ,5.77
MADRASMFIN,EQ,5
MADSUDIND,EQ,5
MADURACOAT,EQ,5
MAFATLAFIN,EQ,5
MAFATLAIND,EQ,5
MAGMA,EQ,5
MAGNUM,EQ,5.86
MAHABANK,EQ,5
MAHAGRO,EQ,5
MAHALEAS,EQ,5
MAHAPEXLTD,EQ,5
MAHASTEEL,EQ,6.57
MAHENDSUIT,EQ,5
MAHINDCIE,EQ,5
MAHLIFE,EQ,5
MAHSCOOTER,EQ,5
MAHSEAMLES,EQ,5
MAIKALFIBR,EQ,5
MAITHANALL,EQ,5.29
MAJESAUTO,EQ,5
MAJESCO,EQ,5
MAJESTIND,EQ,5
MALUPAPER,EQ,5.28
MALWACOTT,EQ,5
MANAKALUCO,EQ,7.12
MANAKCOAT,EQ,7.32
MANAKINDST,EQ,5.78
MANAKSIA,EQ,5
MANAKSTEEL,EQ,7.02
MANALIPETC,EQ,5
MANALUMN,EQ,5
MANAPPURAM,EQ,5.23
MANDHANA,EQ,6.96
MANDUIND,EQ,5
MANGALAM,EQ,5.13
MANGCHEFER,EQ,5
MANGLMCEM,EQ,5
MANGTIMBER,EQ,5
MANINDS,EQ,5
MANINFRA,EQ,5
MANPASAND,EQ,5
MANTRIHSG,EQ,5
MANUGRAIND,EQ,5
MANUGRAPH,EQ,5
MARALOVER,EQ,5.28
MARATHON,EQ,5.15
MARICO,EQ,5
MARKSANS,EQ,5
MARNITPOLY,EQ,5
MARUTI,EQ,5
MASKINVEST,EQ,5
MASTEK,EQ,5
MATHPLATT,EQ,5
MAWANASUG,EQ,6.12
MAXINDIA,EQ,5
MAXORCHARD,EQ,5
MAXVIL,EQ,5.1
MAYURUNIQ,EQ,5
MAZDA,EQ,5
MAZDALEASE,EQ,5
MBECL,EQ,5
MBIND,EQ,5
MBLINFRA,EQ,5.84
MCDHOLDING,EQ,5.94
MCDOWELL-N,EQ,5
MCLEODRUSS,EQ,5
MCX,EQ,5
MEDICAPS,EQ,5
MEGASOFT,EQ,6.18
MEGH,EQ,5
MELSTAR,EQ,5
MENONBE,EQ,5
MEP,EQ,5
MERCATOR,EQ,5
MERCK,EQ,5
MERIND,EQ,5
MESCOPHARM,EQ,5
METALFORGE,EQ,5
METALPIPE,EQ,5
METAZINC,EQ,5
METKORE,EQ,7.54
METROCHEM,EQ,5
MFSL,EQ,5
MGL,EQ,5
MHRIL,EQ,5
MIC,EQ,5
MICROPLANT,EQ,5
MICROTECH,EQ,5
MIDCAPIWIN,EQ,5
MIDEASTI,EQ,5
MIDEASTSTL,EQ,5
MIDINDIA,EQ,5
MIDWESTIRN,EQ,5
MILTONPLAS,EQ,5
MINDACORP,EQ,5
MINDAIND,EQ,5
MINDTECK,EQ,5
MINDTREE,EQ,5
MIRCELECTR,EQ,5
MIRZAINT,EQ,5
MMFL,EQ,5
MMFORGINGS,EQ,5
MMTC,EQ,5.1
MODERNDENM,EQ,5
MODERNMAL,EQ,5
MODERNWOOL,EQ,5
MODIALKALI,EQ,5
MODILUFT,EQ,5
MODINSULAT,EQ,5
MODIOLIVET,EQ,5
MODIPON,EQ,5
MODIRUBBER,EQ,5
MODITHREAD,EQ,5
MODRNSYNTX,EQ,5
MODTHREAD,EQ,5
MOHITIND,EQ,6.94
MOIL,EQ,5
MOLDPLAST,EQ,5
MOLDTECH,EQ,5
MOLDTKPAC,EQ,5
MONICAELEC,EQ,5
MONNETISPA,EQ,5.34
MONSANTO,EQ,5
MONTARIND,EQ,5
MONTECARLO,EQ,5
MORARJEE,EQ,5
MOREPENLAB,EQ,5
MOSERBAER,EQ,5
MOTHERSUMI,EQ,5
MOTILALOFS,EQ,5
MOTOGENFIN,EQ,5
MPAGROFERT,EQ,5
MPGLYCEM,EQ,5
MPHASIS,EQ,5
MPSLTD,EQ,5
MRF,EQ,5
MRO-TEK,EQ,5.98
MRPL,EQ,5
MSLIND,EQ,5
MSPL,EQ,6.04
MSSHOES,EQ,5
MTEDUCARE,EQ,5
MTNL,EQ,5.17
MUKANDENGG,EQ,6.07
MUKANDLTD,EQ,5.16
MUKATPIPE,EQ,5
MUKERPAPER,EQ,5
MUKTAARTS,EQ,5
MULTIARC,EQ,5
MUNJALAU,EQ,5
MUNJALSHOW,EQ,5
MURABLACK,EQ,5
MURLIIND,EQ,5
MURUDCERA,EQ,5.69
MUTHOOTCAP,EQ,5.43
MUTHOOTFIN,EQ,5
MVL,EQ,10.47
MYSOREBANK,EQ,5
MYSORPETRO,EQ,5
N100,EQ,5
NAGAAGRI,EQ,5
NAGAFERT,EQ,5
NAGARJUFIN,EQ,5
NAGAROIL,EQ,5
NAGREEKCAP,EQ,5
NAGREEKEXP,EQ,5.06
NAHARCAP,EQ,5
NAHARENTP,EQ,5
NAHARINDUS,EQ,5
NAHARPOLY,EQ,5
NAHARSPING,EQ,5
NAHARSUGAR,EQ,5
NAKODA,EQ,12.24
NAKODATEX,EQ,5
NALCOCHEM,EQ,5
NAMASTEXP,EQ,5
NAMTECHELE,EQ,5
NARMADASUG,EQ,5
NATCOPHARM,EQ,5
NATHBIOGEN,EQ,6.24
NATHPULP,EQ,5
NATIONALUM,EQ,5
NATNLSTEEL,EQ,5
NATPEROXID,EQ,5
NAUKRI,EQ,5
NAVBHARENT,EQ,5
NAVINFLUOR,EQ,5
NAVKARCORP,EQ,5
NAVNETEDUL,EQ,5
NBCC,EQ,5
NBIFIN,EQ,5
NBVENTURES,EQ,5
NCC,EQ,5
NCLIND,EQ,5
NCOPPER,EQ,5
NDGL,EQ,5
NDL,EQ,5
NDTV,EQ,5
NECCLTD,EQ,6.37
NECLIFE,EQ,5
NEDUNGBANK,EQ,5
NELCAST,EQ,5
NELCO,EQ,5
NEOSACK,EQ,5
NEPCAGRO,EQ,5
NEPCMICON,EQ,5
NEPCPAPER,EQ,5
NEPCTEX,EQ,5
NESCO,EQ,5
NESTLE,EQ,5
NESTLEIND,EQ,5
NET4,EQ,5
NETVISTAIT,EQ,5
NETWORK,EQ,5
NETWORK18,EQ,5
NEULANDLAB,EQ,5
NEXTMEDIA,EQ,5.41
NFL,EQ,5
NH,EQ,5
NHPC,EQ,5
NIBL,EQ,5
NICCO,EQ,11.14
NIF100IWIN,EQ,5
NIFTYBEES,EQ,5
NIFTYEES,EQ,5.35
NIFTYIWIN,EQ,5
NIHONIRMAN,EQ,5
NIITLTD,EQ,5
NIITTECH,EQ,5
NILAINFRA,EQ,5
NILKAMAL,EQ,5
NIPPOBATRY,EQ,5
NIPPONDENS,EQ,5
NIRAJPETRO,EQ,5
NIRLON,EQ,5
NITCO,EQ,5.59
NITESHEST,EQ,5.36
NITINFIRE,EQ,5
NITINSPIN,EQ,5
NIYATILEAS,EQ,5
NKIND,EQ,5
NLCINDIA,EQ,5
NMDC,EQ,5
NOCIL,EQ,5
NOESISIND,EQ,5.87
NOIDATOLL,EQ,5
NORBTEAEXP,EQ,5
NORTHSUG,EQ,5
NOVAELEMAG,EQ,5
NOVARTIND,EQ,5
NOVASTEEL,EQ,5
NRAIL,EQ,5.28
NRBBEARING,EQ,5
NRC,EQ,5
NSIL,EQ,5
NTL,EQ,5.32
NTPC,EQ,5
NUCHEM,EQ,5
NUCLEUS,EQ,5
NUTEK,EQ,6.86
NV20IWIN,EQ,5
OBERHOTEL,EQ,5
OBEROIRLTY,EQ,5
OCCL,EQ,5
OCL,EQ,5
OFSS,EQ,5
OIL,EQ,5
OILCOUNTUB,EQ,6.48
OISL,EQ,6.97
OMAXAUTO,EQ,5
OMAXE,EQ,5
OMKARCHEM,EQ,5
OMMETALS,EQ,5
OMNITECH,EQ,5
ONELIFECAP,EQ,6.99
ONGC,EQ,5
ONIDASAVAK,EQ,5
ONMOBILE,EQ,5
ONWARDTEC,EQ,5.01
OPTELCOMM,EQ,5
OPTOCIRCUI,EQ,5
ORBITCORP,EQ,5
ORBTEXP,EQ,5
ORCHIDPHAR,EQ,5
ORGINFO,EQ,5
ORICONENT,EQ,5
ORIENTABRA,EQ,5
ORIENTALTL,EQ,5.34
ORIENTBANK,EQ,5
ORIENTBELL,EQ,5
ORIENTCARB,EQ,5
ORIENTCEM,EQ,5
ORIENTCONT,EQ,5
ORIENTHOT,EQ,5.31
ORIENTLTD,EQ,5
ORIENTPPR,EQ,5
ORIENTREF,EQ,5
ORISSAMINE,EQ,5
ORKAY,EQ,5
ORTEL,EQ,5
ORTINLABSS,EQ,5.82
ORTONSYNTH,EQ,5
OSWALAGFUR,EQ,5
OSWALAGRO,EQ,5
OSWALSPG,EQ,5
OSWALSUG,EQ,5
OTIS,EQ,5
OTOKLIN,EQ,5
OUDHSUG,EQ,6.11
PAAMDRUG,EQ,5
PAAMPHARMA,EQ,5
PACIFICIND,EQ,5
PADMALAYAT,EQ,5
PADMINPOLY,EQ,5
PAEL,EQ,6.52
PAGEIND,EQ,5
PALCREDIT,EQ,5
PALREDTEC,EQ,7.31
PANACEABIO,EQ,6.38
PANAMAPET,EQ,5.32
PANASIGLOB,EQ,5
PANCARBON,EQ,5
PANCHMACEM,EQ,5
PANCHMSTEL,EQ,5
PANDGRAPH,EQ,5
PANORAMUNI,EQ,5
PANYAMCEM,EQ,5
PAPERPROD,EQ,5
PARABDRUGS,EQ,5.05
PARACABLES,EQ,6.31
PARAGMILK,EQ,5
PARAL,EQ,5
PARAPRINT,EQ,5
PARASIND,EQ,5
PARASPETRO,EQ,20.45
PAREKHPLAT,EQ,5
PARRYAGRO,EQ,5
PARRYSUGAR,EQ,7.03
PARSSYNTH,EQ,5
PARSVNATH,EQ,5
PASUPATI,EQ,5
PASUPATSPG,EQ,5
PASUPTACRY,EQ,5
PATELENG,EQ,5
PATINTLOG,EQ,5
PATSPINLTD,EQ,6.72
PATWIDECOM,EQ,5
PBAINFRA,EQ,5.56
PCJEWELLER,EQ,5
PCL,EQ,5
PDMJEPAPER,EQ,5.19
PDPL,EQ,5.67
PDSMFL,EQ,5
PDUMJEIND,EQ,6.14
PDUMJEPULP,EQ,5
PEARLPOLY,EQ,5.19
PEERABASAN,EQ,5
PEL,EQ,5
PENAPATSEC,EQ,5
PENARSTEEL,EQ,5
PENIND,EQ,5
PENINLAND,EQ,5.46
PENNARALUM,EQ,5
PENPEBS,EQ,5
PENTFRPROD,EQ,5
PENTFRSOLC,EQ,5
PEPL,EQ,5
PERMAGNET,EQ,5
PERSISTENT,EQ,5
PETRONENGG,EQ,5
PETRONET,EQ,5
PFC,EQ,5
PFIMXPHARM,EQ,5
PFIZER,EQ,5
PFOCUS,EQ,5
PFS,EQ,5
PGEL,EQ,5.37
PGHH,EQ,5
PGIL,EQ,5
PHILIPCARB,EQ,5
PHILIPS,EQ,5
PHOENIXLL,EQ,5
PHOENIXLTD,EQ,5
PHOENXINTL,EQ,5
PICCADSUG,EQ,5
PIDILITIND,EQ,5
PIIND,EQ,5
PILANIINVS,EQ,5
PILITA,EQ,5.74
PINCON,EQ,5
PINDLTD,EQ,5
PIONDIST,EQ,5.88
PIONEEREMB,EQ,5
PIRPHYTO,EQ,5
PITTIECEM,EQ,5
PITTIEFIN,EQ,5
PITTILAM,EQ,5
PKTEA,EQ,5
PLASTIBLEN,EQ,5
PLETHICO,EQ,5
PNB,EQ,5
PNBGILTS,EQ,5.01
PNBHOUSING,EQ,5
PNC,EQ,6.79
PNCINFRA,EQ,5
PNEUMATIC,EQ,5.25
POCHIRAJU,EQ,5
PODARPIGMT,EQ,5
PODDARHOUS,EQ,5
PODDARMENT,EQ,5
POKARNA,EQ,5.47
POLARIND,EQ,5
POLARIS,EQ,5
POLYMED,EQ,5.05
POLYPLEX,EQ,5
PONDYOXIDE,EQ,5
PONNIERODE,EQ,5
PORRITSPEN,EQ,5
POWERGRID,EQ,5
POWERMECH,EQ,5
PPAP,EQ,5
PPIL,EQ,5
PRABHAT,EQ,5
PRADIP,EQ,9.47
PRAENG,EQ,5.57
PRAGBOSIMI,EQ,5
PRAJIND,EQ,5
PRAKASH,EQ,5.5
PRAKASHCON,EQ,6.87
PRAKASHSTL,EQ,5.42
PRASGLOFIN,EQ,5
PRATIBHA,EQ,5.81
PRECAM,EQ,5
PRECIMDIAM,EQ,5
PRECOT,EQ,6.19
PRECSNFAST,EQ,5
PRECWIRE,EQ,5
PREMEXPLN,EQ,5
PREMIER,EQ,5
PREMIERPOL,EQ,5
PREMVINYL,EQ,5
PRESSMN,EQ,5.12
PRESTIGE,EQ,5
PRICOL,EQ,5.06
PRICOLLTD,EQ,5
PRIMESECU,EQ,5.85
PRISMCEM,EQ,5
PRITHVI,EQ,5
PRIYADCEM,EQ,5
PRIYADYES,EQ,5
PROVOGE,EQ,5
PROZONINTU,EQ,5
PRUDMOULI,EQ,5
PSB,EQ,5
PSIDATASYS,EQ,5
PSL,EQ,5
PSMSPGMILL,EQ,5
PSUBNKBEES,EQ,5
PTC,EQ,5
PTL,EQ,5
PUNALKALI,EQ,5
PUNANDLAMP,EQ,5
PUNJABCHEM,EQ,5
PUNJABWIRE,EQ,5
PUNJABWOOL,EQ,5
PUNJCOMMU,EQ,5
PUNJLLOYD,EQ,5
PUNSUMI,EQ,5
PURVA,EQ,5
PVP,EQ,5.53
PVR,EQ,5
QGOLDHALF,EQ,5
QNIFTY,EQ,5
QUESS,EQ,5
QUICKHEAL,EQ,5
QUINTEGRA,EQ,5
RADAAN,EQ,5
RADICO,EQ,5
RADICOKHAI,EQ,5
RADIOCITY,EQ,5
RAIN,EQ,5
RAINBOWPAP,EQ,5.81
RAINBOWPPR,EQ,5
RAIREKMOH,EQ,5.69
RAJASBREW,EQ,5
RAJASPETRO,EQ,5
RAJESHEXPO,EQ,5
RAJINPIPE,EQ,5
RAJINSTEEL,EQ,5
RAJOIL,EQ,5.65
RAJRAYON,EQ,15.58
RAJSREESUG,EQ,5.12
RAJTV,EQ,5
RAJVIR,EQ,5
RALLIS,EQ,5
RAMADHOTEL,EQ,5
RAMANEWS,EQ,5.07
RAMAPETRO,EQ,5
RAMAPHOSP,EQ,5
RAMASTEEL,EQ,5
RAMAVISION,EQ,5
RAMCOCEM,EQ,5
RAMCOIND,EQ,5
RAMCOSYS,EQ,5
RAMGOPOLY,EQ,5
RAMKY,EQ,6.27
RAMSARUP,EQ,5
RANASUG,EQ,7.16
RANEENGINE,EQ,5
RANEHOLDIN,EQ,5
RANKAQUA,EQ,5
RASLAMIPAK,EQ,5
RASOYPR,EQ,27.57
RATHIALLOY,EQ,5
RATNAMANI,EQ,5
RAVALSUGAR,EQ,5
RAYMOND,EQ,5
RAYMONDSYN,EQ,5
RBL,EQ,5
RBLBANK,EQ,5
RCF,EQ,5
RCOM,EQ,5
RDEL,EQ,5
READYFOOD,EQ,5
RECKCOLMAN,EQ,5
RECLTD,EQ,5
REDINGTON,EQ,5
REFEX,EQ,7.3
REGENCERAM,EQ,5.13
REIAGROLTD,EQ,10.84
REILPROD,EQ,5
REISIXTEN,EQ,9.43
RELAXO,EQ,5
RELAXOFOOT,EQ,5
RELBANK,EQ,5
RELCAPITAL,EQ,5
RELCNX100,EQ,5
RELCONS,EQ,5
RELDIVOPP,EQ,5
RELGOLD,EQ,5
RELIANCE,EQ,5
RELIGARE,EQ,5
RELINFRA,EQ,5
RELNIFTY,EQ,5
RELNV20,EQ,5
REMIMETAL,EQ,5
REMSONSIND,EQ,6.85
RENCOGEAR,EQ,5
RENUKA,EQ,5
REPCOHOME,EQ,5
REPLENGINE,EQ,5
REPRO,EQ,5
RESPONIND,EQ,5.35
REVATHI,EQ,5.85
RICHSILK,EQ,5
RICOAUTO,EQ,5
RIIL,EQ,5
RINKIPETRO,EQ,5
RISHIPACK,EQ,5
RJL,EQ,5
RKDL,EQ,6.21
RKFORGE,EQ,5
RMCL,EQ,5
RML,EQ,5
RMMIL,EQ,5.46
ROHITFERRO,EQ,5.94
ROHLTD,EQ,5
ROLATAN,EQ,5
ROLLT,EQ,5.14
ROLTA,EQ,5
ROMIND,EQ,5
ROOFITIND,EQ,5
ROSSELL,EQ,5
ROSSELLIND,EQ,5
ROYALCUSHN,EQ,5
RPGLIFE,EQ,5
RPOWER,EQ,5
RPPINFRA,EQ,5.94
RRSLGETF,EQ,5
RSSOFTWARE,EQ,6.09
RSWM,EQ,5
RSYSTEMS,EQ,5
RTNINFRA,EQ,5
RTNPOWER,EQ,5
RUBFILINTL,EQ,5
RUBYMILLS,EQ,5
RUCHINFRA,EQ,5
RUCHIRA,EQ,5
RUCHISOYA,EQ,5
RUCHISTRIP,EQ,5
RUPA,EQ,5
RUPANGIMPX,EQ,5
RUSHIL,EQ,5
S&SIND,EQ,5
S&SPOWER,EQ,5
SABEVENTS,EQ,5
SABTN,EQ,5
SADBHAV,EQ,5
SADBHIN,EQ,5
SAGARCEM,EQ,5
SAGCEM,EQ,5
SAIL,EQ,5
SAISERVICE,EQ,5
SAITELE,EQ,5
SAKHTISUG,EQ,5
SAKSOFT,EQ,5.62
SAKTHIFIN,EQ,5
SAKUMA,EQ,5
SALONA,EQ,7.69
SALORAINTL,EQ,5.91
SALSTEEL,EQ,5.52
SALZERELEC,EQ,5
SAMBHAAV,EQ,6.4
SAMTEL,EQ,7.72
SAMTELTD,EQ,5
SANCO,EQ,5
SANDERIND,EQ,5
SANDESH,EQ,5
SANDVIKAS,EQ,5
SANGAMIND,EQ,5
SANGHIIND,EQ,5
SANGHIPOLY,EQ,5
SANGHVIFOR,EQ,5
SANGHVIMOV,EQ,5
SANOFI,EQ,5
SANWARIA,EQ,6.62
SARASIND,EQ,5
SARDAEN,EQ,5
SAREGAMA,EQ,5
SARLAPOLY,EQ,5
SASKEN,EQ,5
SASTASUNDR,EQ,5
SATHAISPAT,EQ,5.27
SATHVANISP,EQ,5
SATIN,EQ,5.74
SATYAMCEM,EQ,5
SAURASHCEM,EQ,5
SAURASTPPR,EQ,5
SAYAJHOTEL,EQ,5
SB&TINTL,EQ,5
SBBJ,EQ,5
SBIHOMEFIN,EQ,5
SBIN,EQ,5
SBT,EQ,5
SCHNEIDER,EQ,5
SCI,EQ,5
SCINTSOFT,EQ,5
SDBL,EQ,5.91
SEAMECLTD,EQ,5
SECALS,EQ,5
SEINV,EQ,5
SELAN,EQ,5
SELMCL,EQ,5
SENSEXIWIN,EQ,5
SEPOWER,EQ,7.61
SEQUENT,EQ,5
SERENDYSTF,EQ,5
SERVALL,EQ,5.16
SESHAPAPER,EQ,5.22
SETCO,EQ,5
SETF10GILT,EQ,5.45
SETFGOLD,EQ,5
SETFNIF50,EQ,5
SETFNIFBK,EQ,5
SETFNN50,EQ,5
SEZAL,EQ,5.31
SFCL,EQ,5
SFL,EQ,5
SGFL,EQ,5
SGJHL,EQ,5
SGL,EQ,5
SHAANINTER,EQ,5
SHAHALLOYS,EQ,6.84
SHAKTIGAS,EQ,5
SHAKTIPUMP,EQ,5
SHALMPAINT,EQ,5
SHALPAINTS,EQ,5.1
SHAMKNFAB,EQ,5
SHAMKNSPIN,EQ,5
SHANKARA,EQ,6.96
SHANTIGEAR,EQ,5
SHARDACROP,EQ,5
SHARDAMOTR,EQ,5
SHARDATERY,EQ,5
SHARIABEES,EQ,5
SHARONBIO,EQ,5
SHARTSEFOD,EQ,5
SHARYANRES,EQ,5
SHAWALLACE,EQ,5
SHAWGELTIN,EQ,5
SHEMAROO,EQ,5
SHETRON,EQ,5
SHILPAMED,EQ,5
SHILPI,EQ,5
SHIRPUR-G,EQ,5.16
SHIVAJWORK,EQ,5
SHIVAMAUTO,EQ,5
SHIVTEX,EQ,5
SHK,EQ,5
SHLAKSHMI,EQ,5
SHOPERSTOP,EQ,5
SHOPINVFIN,EQ,5
SHREDIGCEM,EQ,5
SHREEASHTA,EQ,5
SHREECEM,EQ,5
SHREEKRPET,EQ,5
SHREEKRPOL,EQ,5
SHREEPUSHK,EQ,5
SHREERAMA,EQ,5.24
SHREESYNTH,EQ,5
SHRENUJ,EQ,5
SHREPRECOT,EQ,5
SHRERAJSYN,EQ,5
SHREYANIND,EQ,6.45
SHREYAS,EQ,5
SHRIASTER,EQ,5
SHRIDINESH,EQ,5
SHRIPISTON,EQ,5
SHRIRAMCIT,EQ,5
SHRIRAMEPC,EQ,5
SHRIYAMSEC,EQ,5
SHRVINDPPR,EQ,5
SHUKRADIAM,EQ,5
SHYAMCENT,EQ,6.28
SHYAMTEL,EQ,5
SICAGEN,EQ,5
SICAL,EQ,5
SIDDHATUBE,EQ,5
SIEL,EQ,5
SIEMENS,EQ,5
SIGNET,EQ,6.29
SIL,EQ,5
SILINV,EQ,5
SILVERLINE,EQ,5
SIMBHALS,EQ,5.63
SIMBHALSUG,EQ,5
SIMPLEX,EQ,5.17
SIMPLEXCAS,EQ,5
SIMPLEXINF,EQ,5
SINGER,EQ,5
SINTEX,EQ,5
SIPAPER,EQ,5
SIRIS,EQ,5
SIRPAPER,EQ,5
SITASHREE,EQ,6.11
SITINET,EQ,5
SIYARSILK,EQ,5
SIYSIL,EQ,5
SJVN,EQ,5
SKFINDIA,EQ,5
SKIL,EQ,5.89
SKIPPER,EQ,5
SKMEGGPROD,EQ,5.36
SKSIND,EQ,5
SKUMARSYNF,EQ,5
SMARTLINK,EQ,5
SMDYECHEM,EQ,5
SMFINANC,EQ,5
SMLISUZU,EQ,5
SMPL,EQ,5.5
SMSPHARMA,EQ,5
SNEHAIND,EQ,5
SNOWMAN,EQ,5
SOBHA,EQ,5
SOFTTECHGR,EQ,5
SOLARINDS,EQ,5
SOLARSNIND,EQ,5
SOLPHARMA,EQ,5
SOMANICEM,EQ,5
SOMANISWIS,EQ,5
SOMANYCERA,EQ,5
SOMATEX,EQ,5.74
SOMDUTTFIN,EQ,5
SOMICONVEY,EQ,5.77
SOMKMARINE,EQ,5
SONALCOSM,EQ,5
SONASTEER,EQ,5
SONATSOFTW,EQ,5
SORILHOLD,EQ,7.03
SORILINFRA,EQ,6.4
SOTL,EQ,5
SOUTHBANK,EQ,5
SOUTHNHERB,EQ,5
SPAL,EQ,5
SPANCO,EQ,5
SPARC,EQ,5
SPARTEK,EQ,5
SPCENET,EQ,8.01
SPECIALITY,EQ,5
SPECIALSTL,EQ,5
SPECTACLE,EQ,5
SPENTEX,EQ,5.71
SPENTXIND,EQ,5
SPHEREGSL,EQ,5
SPIC,EQ,5
SPICELEC,EQ,5
SPICEMOBI,EQ,5
SPICFINE,EQ,5
SPLIL,EQ,5
SPMLINFRA,EQ,5.07
SPYL,EQ,10.06
SQRDSFWARE,EQ,5
SQSBFSI,EQ,5
SREEL,EQ,5.32
SREERAYALK,EQ,5
SREINFRA,EQ,5
SRF,EQ,5
SRFFINANCE,EQ,5
SRGINFOTEC,EQ,16.41
SRHHYPOLTD,EQ,5
SRICHAKTYR,EQ,5
SRIMANORG,EQ,5
SRIPIPES,EQ,5
SRISARALOY,EQ,5
SRISHTIVID,EQ,5
SRIVISHCEM,EQ,5
SRSLTD,EQ,6.03
SRTRANSFIN,EQ,5
SSISPAT,EQ,5
SSLFINANCE,EQ,5
SSWL,EQ,5
STAMPEDE,EQ,6.43
STAN,DR,5
STANDRDBAT,EQ,5
STAR,EQ,5
STARPAPER,EQ,5.78
STCINDIA,EQ,5.87
STEELCOGUJ,EQ,5
STEELTUBES,EQ,5
STEL,EQ,5.08
STERLINBIO,EQ,5.78
STERLINHOL,EQ,5
STERTOOLS,EQ,5
STILBENCHM,EQ,5
STINDIA,EQ,7.97
STRAUSIND,EQ,5
STRTECH,EQ,5
SUASHDIMON,EQ,5
SUBCAPCITY,EQ,5
SUBEX,EQ,5
SUBROS,EQ,5
SUDAR,EQ,5
SUDARSCHEM,EQ,5
SUDITIND,EQ,5
SUJANAUNI,EQ,6.64
SULZER,EQ,5
SUMANMOTEL,EQ,5
SUMEETINDS,EQ,5
SUMEETMACH,EQ,5
SUMMITSEC,EQ,5
SUNCLAYLTD,EQ,5
SUNDARAM,EQ,6.61
SUNDARMFIN,EQ,5
SUNDRMBRAK,EQ,5
SUNDRMFAST,EQ,5
SUNEARTH,EQ,5
SUNFLAG,EQ,5
SUNILHITEC,EQ,7.23
SUNPHARMA,EQ,5
SUNRISESEC,EQ,5
SUNSTARLUB,EQ,5
SUNSTRCHEM,EQ,5
SUNTECK,EQ,5.27
SUNTV,EQ,5
SUPERFORGE,EQ,5
SUPERHOUSE,EQ,5
SUPERSALES,EQ,5
SUPERSPIN,EQ,5.75
SUPPETRO,EQ,5
SUPRAJIT,EQ,5
SUPREMEIND,EQ,5
SUPREMEINF,EQ,5.04
SUPREMETEX,EQ,5.27
SURANACORP,EQ,5
SURANAIND,EQ,7.83
SURANASOL,EQ,5
SURANAT&P,EQ,5.15
SURYAGROIL,EQ,5
SURYAJYOTI,EQ,5
SURYALAXMI,EQ,5
SURYAPHARM,EQ,5
SURYAROSNI,EQ,5
SURYVANSPG,EQ,5
SUTLEJTEX,EQ,5
SUVARNAQUA,EQ,5
SUVEN,EQ,5
SUZLON,EQ,5
SUZLONFIBR,EQ,5
SVADMILLS,EQ,5
SVOGL,EQ,5
SWANENERGY,EQ,7.25
SWARAJENG,EQ,5
SWELECTES,EQ,5
SWIL,EQ,5
SYMPHONY,EQ,5
SYNCOM,EQ,5
SYNDIBANK,EQ,5
SYNGENE,EQ,5
SYNTHCHEM,EQ,5
TAINWALCHM,EQ,5.34
TAJGVK,EQ,5
TAKE,EQ,5
TAKSHEEL,EQ,5
TALBROAUTO,EQ,5
TALWALKARS,EQ,5
TANEJAERO,EQ,5
TANFAC,EQ,5
TANFACIND,EQ,5
TANLA,EQ,5
TANTIACONS,EQ,5.65
TARAJEWELS,EQ,5
TARAPUR,EQ,6.85
TARMAT,EQ,7.09
TASTYBITE,EQ,5
TATACHEM,EQ,5
TATACOFFEE,EQ,5
TATACOMM,EQ,5
TATADVMATL,EQ,5
TATAELXSI,EQ,5
TATAGLOBAL,EQ,5
TATAINVEST,EQ,5
TATAMETALI,EQ,5
TATAMOTORS,EQ,5
TATAMTRDVR,EQ,5
TATAPOWER,EQ,5
TATASPONGE,EQ,5
TATASTEEL,EQ,5
TATATIMKEN,EQ,5
TATAUNISYS,EQ,5
TATAYODOGA,EQ,5
TATIASKYLN,EQ,5
TBZ,EQ,5
TCI,EQ,5
TCIDEVELOP,EQ,5.2
TCIEXP,EQ,5
TCIFINANCE,EQ,5
TCS,EQ,5
TDPOWERSYS,EQ,5
TEAMLEASE,EQ,5
TECHIN,EQ,6.14
TECHM,EQ,5
TECHNO,EQ,5
TECHNOFAB,EQ,5
TECILCHEM,EQ,5
TECPRO,EQ,5
TELEDATAGL,EQ,5
TELEDATAIT,EQ,5
TELEMARINE,EQ,5
TELEPHNCAB,EQ,5
TERASOFT,EQ,5
TEXINFRA,EQ,5
TEXMOPIPES,EQ,6.38
TEXRAIL,EQ,5
TEXTOOL,EQ,5
TFCILTD,EQ,5
TFL,EQ,8.09
TGBHOTELS,EQ,5.24
THANGAMAYL,EQ,5
THAPARAGRO,EQ,5
THAPARMILK,EQ,5
THAPRISPAT,EQ,5
THEMISMED,EQ,5
THERMAX,EQ,5
THIRUSUGAR,EQ,5.73
THOMASCOOK,EQ,5
THOMASCOTT,EQ,5
THYROCARE,EQ,5
TI,EQ,5
TIDEWATER,EQ,5
TIIL,EQ,5
TIJARIA,EQ,7.64
TIL,EQ,5
TIMBOR,EQ,5
TIMESGTY,EQ,5
TIMETECHNO,EQ,5
TIMEXWATCH,EQ,5
TIMKEN,EQ,5
TINPLATE,EQ,5
TIPSINDLTD,EQ,5
TIRUMALCHM,EQ,5
TITAGRSTEL,EQ,5
TITAN,EQ,5
TMRVL,EQ,5.36
TMTINDIA,EQ,5
TNPETRO,EQ,6.19
TNPL,EQ,5
TNTELE,EQ,5
TODAYS,EQ,5
TOKYOPLAST,EQ,5.4
TOLANIBULK,EQ,5
TORNTPHARM,EQ,5
TORNTPOWER,EQ,5
TORRENGUJ,EQ,5
TORRENTCAB,EQ,5
TPINDIA,EQ,5
TPLPLASTEH,EQ,6.29
TRANSCHEM,EQ,5
TRANSFREIT,EQ,5
TRANSPEK,EQ,5
TREEHOUSE,EQ,6.9
TRENT,EQ,5
TRF,EQ,5
TRICOM,EQ,7.5
TRIDENT,EQ,5
TRIGYN,EQ,5.36
TRIL,EQ,5
TRITURBINE,EQ,5
TRIVENI,EQ,5
TRIVENSHET,EQ,5
TTGIND,EQ,5
TTKHLTCARE,EQ,5
TTKPHARMA,EQ,5
TTKPRESTIG,EQ,5
TTL,EQ,5
TTML,EQ,5.03
TUBEINVEST,EQ,5
TULIP,EQ,5
TULSI,EQ,6.05
TULSYAN,EQ,5
TUTICORALK,EQ,5
TV18BRDCST,EQ,5
TVSELECT,EQ,6.08
TVSMOTOR,EQ,5
TVSSRICHAK,EQ,5
TVTODAY,EQ,5
TVVISION,EQ,5
TWILITAKA,EQ,5
TWL,EQ,5
UBENGG,EQ,5
UBHOLDINGS,EQ,5.93
UBL,EQ,5
UCALFUEL,EQ,5.01
UCOBANK,EQ,5
UFLEX,EQ,5
UFO,EQ,5
UGARSUGAR,EQ,5
UJAAS,EQ,6.38
UJJIVAN,EQ,5
ULTRACEMCO,EQ,5
ULTRMARINE,EQ,5
UMANGDAIRY,EQ,5
UMESLTD,EQ,5
UNICHEMLAB,EQ,5
UNIENTER,EQ,5
UNIFLEX,EQ,5
UNIMIN,EQ,5
UNIONBANK,EQ,5
UNIPLAS,EQ,5
UNIPLY,EQ,5
UNITECH,EQ,5.75
UNITEDBNK,EQ,5
UNITEDTEA,EQ,5
UNITY,EQ,5
UNIVCABLES,EQ,5.05
UPERGANGES,EQ,6.32
UPL,EQ,5
URJA,EQ,5.19
USHAINDIA,EQ,5
USHAISPAT,EQ,5
USHAMART,EQ,5.98
USHDEVINT,EQ,5
USHERAGRO,EQ,5
UTINIFTETF,EQ,5
UTISENSETF,EQ,5
UTIUS64-RI,EQ,5
UTTAMSTL,EQ,5
UTTAMSUGAR,EQ,6.47
UTTAMVALUE,EQ,5
UVSL,EQ,11.26
V2RETAIL,EQ,5
VADILALIND,EQ,5
VAIBHAVGBL,EQ,5
VAKRANGEE,EQ,5
VALECHAENG,EQ,5
VALUEIND,EQ,5
VANADYCHEM,EQ,5
VARDHACRLC,EQ,5
VARDMNPOLY,EQ,5.22
VARUN,EQ,5
VARUNSEA,EQ,5
VASCONEQ,EQ,5
VASWANI,EQ,5.36
VATSALTD,EQ,5
VATSMUSC,EQ,5
VBDESAIFIN,EQ,5
VBL,EQ,5
VEDL,EQ,5
VEGPROFOOD,EQ,5
VENKEYS,EQ,5.32
VENLONPOLY,EQ,5
VENUSREM,EQ,5
VENUSUGAR,EQ,5
VESUVIUS,EQ,5
VETO,EQ,5
VGUARD,EQ,5
VHL,EQ,5
VICEROY,EQ,5
VICKERSYS,EQ,5
VICTGLASS,EQ,5
VIDANIAGRO,EQ,5
VIDEOIND,EQ,5
VIDHIING,EQ,5
VIDIANIENG,EQ,5
VIJAYABANK,EQ,5
VIJIFIN,EQ,6.91
VIJSHAN,EQ,6.8
VIKASECO,EQ,5
VIKASHMET,EQ,5
VIKASHYB,EQ,5
VIKASWSP,EQ,5
VIKRAMPROJ,EQ,5
VIMALOIL,EQ,5.65
VIMTALABS,EQ,5
VINATIORGA,EQ,5
VINDHYATEL,EQ,5
VINYLINDIA,EQ,5
VINYOGCLOT,EQ,5
VIPCLOTHNG,EQ,5
VIPIND,EQ,5
VIPPYSOLVX,EQ,5
VIPULLTD,EQ,5.96
VIRAJALLOY,EQ,5
VIRALFILA,EQ,5
VIRALSYNTX,EQ,5
VISAKAIND,EQ,5
VISASTEEL,EQ,5.62
VISESHINFO,EQ,29.19
VISHALEXPO,EQ,5
VISHNU,EQ,5
VISIONLTD,EQ,5
VISUINTL,EQ,5.05
VITALCOMM,EQ,5
VITARACHEM,EQ,5
VIVIDHA,EQ,6.33
VIVIMEDLAB,EQ,5
VKSPL,EQ,48.57
VLSFINANCE,EQ,5
VMART,EQ,5
VMJOGENGG,EQ,5
VOLTAMP,EQ,5
VOLTAS,EQ,5
VRLLOG,EQ,5
VSSL,EQ,5.89
VSTIND,EQ,5
VSTTILLERS,EQ,5
VTL,EQ,5
VULCANENG,EQ,5
VXLINSTR,EQ,5
WABAG,EQ,5
WABCOINDIA,EQ,5
WALCHANNAG,EQ,5
WANBURY,EQ,5.04
WARRENTEA,EQ,5
WATERBASE,EQ,5
WEBELSOLAR,EQ,6.4
WEIZFOREX,EQ,6.12
WEIZMANIND,EQ,5.97
WELCORP,EQ,5
WELDFLUX,EQ,5
WELENT,EQ,5
WELINV,EQ,6.44
WELLWININD,EQ,5
WELMANINCA,EQ,5
WELSPUNIND,EQ,5
WELSPUNPOL,EQ,5
WENDT,EQ,5
WESTERNBIO,EQ,5
WESTINDSEC,EQ,5
WHEELS,EQ,5
WHIRLPOOL,EQ,5
WIDIA,EQ,5
WILLAMAGOR,EQ,5
WILLARDLTD,EQ,5
WIMPLAST,EQ,5
WINDMACHIN,EQ,5
WINSOME,EQ,5
WIPL,EQ,5
WIPRO,EQ,5
WOCKPHARMA,EQ,5
WONDERLA,EQ,5
WOOLWORTH,EQ,5
WSI,EQ,5.28
WSIND,EQ,5
WSTCSTPAPR,EQ,5
XCHANGING,EQ,5
XEDDTELCOM,EQ,5
XLENERGY,EQ,8.99
XPROINDIA,EQ,5
YESBANK,EQ,5
YOGOPHARM,EQ,5
YUKENINDIA,EQ,5
ZANDUREALT,EQ,5
ZEEL,EQ,5
ZEELEARN,EQ,5
ZEEMEDIA,EQ,5
ZENGLOBAL,EQ,5
ZENITHBIR,EQ,8.19
ZENITHEXPO,EQ,5
ZENITHINFO,EQ,5
ZENSARTECH,EQ,5
ZENTEC,EQ,5
ZFSTEERING,EQ,5
ZICOM,EQ,5
ZILONPHARM,EQ,5
ZODIACLOTH,EQ,5
ZODJRDMKJ,EQ,5
ZUARI,EQ,5.1
ZUARIGLOB,EQ,5
ZYDUSWELL,EQ,5
ZYLOG,EQ,6.34
1IADD,MF,5
1ID1G,MF,5
1ID2D,MF,5
1IDPD,MF,5
1IGPG,MF,5
549,MF,5
550,MF,5
551,MF,5
552,MF,5
94GFTS,MF,5
94GHFTS,MF,5
96FG,MF,5
96HFG,MF,5
AXISSCDDP,MF,5
AXISSCDDR,MF,5
AXISSCDGP,MF,5
AXISSCRDP,MF,5
AXISSCRDR,MF,5
AXISSCRGP,MF,5
BPET1,MF,5
BPET2,MF,5
BPETD,MF,5
BPETG,MF,5
BPFM372SC2,MF,5
BPFM372SCD,MF,5
BPFM372SCG,MF,5
BPFM376SN2,MF,5
BPFM376SND,MF,5
BPFM376SNG,MF,5
BPFM378SB2,MF,5
BPFM378SBD,MF,5
BPFM378SBG,MF,5
BPFM394SM1,MF,5
BPFM394SM2,MF,5
BPFM394SMD,MF,5
BPFM394SMG,MF,5
BPHA1,MF,5
BPHA2,MF,5
BPHAD,MF,5
BPHAG,MF,5
BSLCAP21DG,MF,5
BSLCAP21RG,MF,5
BSLCAP22DG,MF,5
BSLCAP22RG,MF,5
BSLCAP23DG,MF,5
BSLCAP23RG,MF,5
BSLCAP25DG,MF,5
BSLCAP25RG,MF,5
BSLCAP26DG,MF,5
BSLCAP26RG,MF,5
BSLCAP29DG,MF,5
BSLCAP29RG,MF,5
BSLCAP30DG,MF,5
BSLCAP30RG,MF,5
BSLDAFSIDD,MF,5
BSLDAFSIDG,MF,5
BSLDAFSIRD,MF,5
BSLDAFSIRG,MF,5
BSLELFS1DD,MF,5
BSLELFS1DG,MF,5
BSLELFS1RD,MF,5
BSLELFS1RG,MF,5
BSLELFS2DG,MF,5
BSLELFS2DN,MF,5
BSLELFS2RG,MF,5
BSLELFS2RN,MF,5
BSLELFS3DG,MF,5
BSLELFS3DN,MF,5
BSLELFS3RG,MF,5
BSLELFS3RN,MF,5
BSLELFS4DG,MF,5
BSLELFS4DN,MF,5
BSLELFS4RG,MF,5
BSLELFS4RN,MF,5
BSLELFS5DG,MF,5
BSLELFS5DN,MF,5
BSLELFS5RG,MF,5
BSLELFS5RN,MF,5
BSLELFS6DG,MF,5
BSLELFS6DN,MF,5
BSLELFS6RG,MF,5
BSLELFS6RN,MF,5
BSLELFS7DD,MF,5
BSLELFS7DG,MF,5
BSLELFS7RD,MF,5
BSLELFS7RG,MF,5
BSLFEF4SRN,MF,5
BSLFEFS2DG,MF,5
BSLFEFS3DG,MF,5
BSLFEFS3DN,MF,5
BSLFEFS3RG,MF,5
BSLFEFS3RN,MF,5
BSLFEFS4DG,MF,5
BSLFEFS4DN,MF,5
BSLFEFS4RG,MF,5
BSLFEFS5DG,MF,5
BSLFEFS5DN,MF,5
BSLFEFS5RG,MF,5
BSLFEFS5RN,MF,5
BSLFEFS6DG,MF,5
BSLFEFS6DN,MF,5
BSLFEFS6RG,MF,5
BSLFEFS6RN,MF,5
BSLFTPLUDG,MF,5
BSLFTPLUDN,MF,5
BSLFTPLUDQ,MF,5
BSLFTPLURG,MF,5
BSLFTPLURN,MF,5
BSLFTPLURQ,MF,5
BSLFTPLVDG,MF,5
BSLFTPLVDQ,MF,5
BSLFTPLVRG,MF,5
BSLFTPLVRN,MF,5
BSLFTPLVRQ,MF,5
BSLFTPLXDG,MF,5
BSLFTPLXDN,MF,5
BSLFTPLXRG,MF,5
BSLFTPLXRN,MF,5
BSLFTPLXRQ,MF,5
BSLFTPMADG,MF,5
BSLFTPMADN,MF,5
BSLFTPMADQ,MF,5
BSLFTPMARG,MF,5
BSLFTPMARN,MF,5
BSLFTPMARQ,MF,5
BSLFTPMDDG,MF,5
BSLFTPMDDN,MF,5
BSLFTPMDRG,MF,5
BSLFTPMDRN,MF,5
BSLFTPMDRQ,MF,5
BSLFTPMKDG,MF,5
BSLFTPMKDQ,MF,5
BSLFTPMKRG,MF,5
BSLFTPMKRN,MF,5
BSLFTPMKRQ,MF,5
BSLFTPMPDG,MF,5
BSLFTPMPDN,MF,5
BSLFTPMPRG,MF,5
BSLFTPMPRQ,MF,5
BSLFTPMQDG,MF,5
BSLFTPMQDN,MF,5
BSLFTPMQDQ,MF,5
BSLFTPMQRG,MF,5
BSLFTPMQRN,MF,5
BSLFTPMQRQ,MF,5
BSLFTPMRDG,MF,5
BSLFTPMRDN,MF,5
BSLFTPMRRG,MF,5
BSLFTPMRRN,MF,5
BSLFTPMRRQ,MF,5
BSLFTPMUDG,MF,5
BSLFTPMUDN,MF,5
BSLFTPMUDQ,MF,5
BSLFTPMURG,MF,5
BSLFTPMURN,MF,5
BSLFTPMURQ,MF,5
BSLFTPMXDG,MF,5
BSLFTPMXRG,MF,5
BSLFTPMXRN,MF,5
BSLFTPMXRQ,MF,5
BSLFTPMYDG,MF,5
BSLFTPMYDQ,MF,5
BSLFTPMYRG,MF,5
BSLFTPMYRN,MF,5
BSLFTPMYRQ,MF,5
BSLFTPNBDG,MF,5
BSLFTPNBRG,MF,5
BSLFTPNBRN,MF,5
BSLFTPNDDG,MF,5
BSLFTPNDDN,MF,5
BSLFTPNDDQ,MF,5
BSLFTPNDRG,MF,5
BSLFTPNDRN,MF,5
BSLFTPNDRQ,MF,5
BSLFTPNEDG,MF,5
BSLFTPNEDN,MF,5
BSLFTPNERG,MF,5
BSLFTPNERN,MF,5
BSLFTPNERQ,MF,5
BSLFTPNGDG,MF,5
BSLFTPNGDQ,MF,5
BSLFTPNGRG,MF,5
BSLFTPNGRN,MF,5
BSLFTPNHDG,MF,5
BSLFTPNHDQ,MF,5
BSLFTPNHRG,MF,5
BSLFTPNHRN,MF,5
BSLFTPNHRQ,MF,5
BSLFTPNIDG,MF,5
BSLFTPNIRG,MF,5
BSLFTPNIRN,MF,5
BSLFTPNKDG,MF,5
BSLFTPNKDN,MF,5
BSLFTPNKRG,MF,5
BSLFTPNLDG,MF,5
BSLFTPNLDN,MF,5
BSLFTPNLDQ,MF,5
BSLFTPNLRG,MF,5
BSLFTPNLRN,MF,5
BSLFTPNLRQ,MF,5
BSLFTPNPDG,MF,5
BSLFTPNPDN,MF,5
BSLFTPNPRG,MF,5
BSLFTPNPRN,MF,5
BSLFTPNPRQ,MF,5
BSLFTPNRDG,MF,5
BSLFTPNRDN,MF,5
BSLFTPNRDQ,MF,5
BSLFTPNRRG,MF,5
BSLFTPNRRN,MF,5
BSLFTPNRRQ,MF,5
BSLFTPNTDG,MF,5
BSLFTPNTDN,MF,5
BSLFTPNTDQ,MF,5
BSLFTPNTRG,MF,5
BSLFTPNTRN,MF,5
BSLFTPNTRQ,MF,5
BSLFTPODDG,MF,5
BSLFTPODDN,MF,5
BSLFTPODRG,MF,5
BSLFTPODRN,MF,5
BSLFTPOEDG,MF,5
BSLFTPOERG,MF,5
BSLFTPOFDG,MF,5
BSLFTPOFDN,MF,5
BSLFTPOFDQ,MF,5
BSLFTPOFRG,MF,5
BSLFTPOFRN,MF,5
BSLFTPOFRQ,MF,5
BSLFTPOGDG,MF,5
BSLFTPOGDN,MF,5
BSLFTPOGRG,MF,5
BSLFTPOGRN,MF,5
BSLFTPOGRQ,MF,5
BSLFTPOHDG,MF,5
BSLFTPOHDN,MF,5
BSLFTPOHDQ,MF,5
BSLFTPOHRG,MF,5
BSLFTPOHRN,MF,5
BSLFTPOHRQ,MF,5
BSLFTPOIDG,MF,5
BSLFTPOIDN,MF,5
BSLFTPOIRG,MF,5
BSLFTPOIRN,MF,5
BSLFTPOIRQ,MF,5
BSLFTPOJDG,MF,5
BSLFTPOJDN,MF,5
BSLFTPOJDQ,MF,5
BSLFTPOJRG,MF,5
BSLFTPOJRN,MF,5
BSLFTPOJRQ,MF,5
BSLFTPOKDG,MF,5
BSLFTPOKDN,MF,5
BSLFTPOKDQ,MF,5
BSLFTPOKRG,MF,5
BSLFTPOKRN,MF,5
BSLFTPOKRQ,MF,5
BSLFTPOLDG,MF,5
BSLFTPOLRG,MF,5
BSLFTPOMDG,MF,5
BSLFTPOMDN,MF,5
BSLFTPOMDQ,MF,5
BSLFTPOMRG,MF,5
BSLFTPOMRN,MF,5
BSLFTPOMRQ,MF,5
BSLFTRKHDG,MF,5
BSLFTRKHRG,MF,5
BSLFTRKHRQ,MF,5
BSLFTRKJDG,MF,5
BSLFTRKJRG,MF,5
BSLFTRKJRN,MF,5
BSLFTRKODG,MF,5
BSLFTRKODQ,MF,5
BSLFTRKORG,MF,5
BSLFTRKORN,MF,5
BSLFTRKPDG,MF,5
BSLFTRKPRG,MF,5
BSLFTRKWDG,MF,5
BSLFTRKWRG,MF,5
BSLFTRKWRQ,MF,5
BSLFTRKXDG,MF,5
BSLFTRKXRG,MF,5
BSLFTRKXRN,MF,5
BSLFTRLGDG,MF,5
BSLFTRLGRG,MF,5
BSLFTRLIDG,MF,5
BSLFTRLIDN,MF,5
BSLFTRLIRG,MF,5
BSLFTRLIRN,MF,5
BSLFTRLJDG,MF,5
BSLFTRLJDQ,MF,5
BSLFTRLJRG,MF,5
BSLFTRLJRN,MF,5
BSLFTRLKDG,MF,5
BSLFTRLKRG,MF,5
BSLFTRLLDG,MF,5
BSLFTRLLDN,MF,5
BSLFTRLLRG,MF,5
BSLFTRLLRQ,MF,5
BSLFTRLODG,MF,5
BSLFTRLORG,MF,5
BSLFTRLORN,MF,5
BSLFTRLORQ,MF,5
BSLFTRLQDG,MF,5
BSLFTRLQRG,MF,5
BSLFTRLQRN,MF,5
BSLIFQPIDD,MF,5
BSLIFQPIDG,MF,5
BSLIQPIIDP,MF,5
BSLIQPIIG,MF,5
BSLIQPIRDP,MF,5
BSLIQPIRG,MF,5
BSLQ14DD,MF,5
BSLQ14DG,MF,5
BSLQI4DP,MF,5
BSLQI4G,MF,5
BSLRIFS1DD,MF,5
BSLRIFS1DG,MF,5
BSLRIFS1DS,MF,5
BSLRIFS1RD,MF,5
BSLRIFS1RG,MF,5
BSLRIFS1RS,MF,5
BSLRIFS2DG,MF,5
BSLRIFS2DN,MF,5
BSLRIFS2RG,MF,5
BSLRIFS2RN,MF,5
BSLRIFS3DD,MF,5
BSLRIFS3DG,MF,5
BSLRIFS3RD,MF,5
BSLRIFS3RG,MF,5
C3DD,MF,5
C3DG,MF,5
C3RD,MF,5
C3RG,MF,5
C5DGG,MF,5
C5RGG,MF,5
C7DD,MF,5
C7DG,MF,5
C7DP,MF,5
C7GP,MF,5
CP4DG,MF,5
CP4RG,MF,5
CP7DD,MF,5
CP7DG,MF,5
CP7RD,MF,5
CP7RG,MF,5
CP8DD,MF,5
CP8DG,MF,5
CP8RD,MF,5
CP8RG,MF,5
CP93D,MF,5
CP93G,MF,5
CPOFS2P1D,MF,5
CPOFS2P1G,MF,5
CPOFS2P2D,MF,5
CPOFS2P2G,MF,5
CRIO2DD,MF,5
CRIO2DG,MF,5
CRIO2RD,MF,5
CRIO2RG,MF,5
CRIODD,MF,5
CRIODG,MF,5
CRIORD,MF,5
CRIORG,MF,5
CRMFCP3ADD,MF,5
CRMFCP3ADG,MF,5
CRMFCP3ARD,MF,5
CRMFCP3ARG,MF,5
CRMFCP4DG,MF,5
CRMFCP4DP,MF,5
CRMFCP4GP,MF,5
CRMFCP5DD,MF,5
CRMFCP5DG,MF,5
CRMFCP5DP,MF,5
CRMFCP5GP,MF,5
CRMFCP6DD,MF,5
CRMFCP6DG,MF,5
CRMFCP6RD,MF,5
CRMFCP6RG,MF,5
DD,MF,5
DG,MF,5
DPFMP66DG,MF,5
DPFMP66RG,MF,5
DPFMP66RQD,MF,5
DPFMP68DG,MF,5
DPFMP68RD,MF,5
DPFMP68RG,MF,5
DPFMP68RQD,MF,5
DPFMP69DG,MF,5
DPFMP69RAD,MF,5
DPFMP69RD,MF,5
DPFMP69RG,MF,5
DPFMP70DG,MF,5
DPFMP70RAD,MF,5
DPFMP70RG,MF,5
DPFMP70RRD,MF,5
DPFMP71DG,MF,5
DPFMP71RG,MF,5
DPFMP71RRD,MF,5
DPHFTF11DD,MF,5
DPHFTF11RD,MF,5
DPHFTF11RG,MF,5
DPHFTF12DG,MF,5
DPHFTF12RD,MF,5
DPHFTF12RG,MF,5
DPHFTF14DG,MF,5
DPHFTF14RD,MF,5
DPHFTF14RG,MF,5
DPRM7XD1,MF,5
DPRM7XGP,MF,5
DPRMAAAD,MF,5
DPRMAAD1,MF,5
DPRMAAD3,MF,5
DPRMAAGP,MF,5
DPRMAAQD,MF,5
DPRMABAD,MF,5
DPRMABD1,MF,5
DPRMABDP,MF,5
DPRMABGP,MF,5
DPRMABQD,MF,5
DPRMACAD,MF,5
DPRMACD1,MF,5
DPRMACD2,MF,5
DPRMACD4,MF,5
DPRMACDP,MF,5
DPRMACGP,MF,5
DPRMACQD,MF,5
DPRMAEAD,MF,5
DPRMAED1,MF,5
DPRMAED4,MF,5
DPRMAEDP,MF,5
DPRMAEGP,MF,5
DPRMAGD1,MF,5
DPRMAGGP,MF,5
DPRMDAAD,MF,5
DPRMDAD1,MF,5
DPRMDAD2,MF,5
DPRMDAD3,MF,5
DPRMDADP,MF,5
DPRMDAGP,MF,5
DPRMDAQD,MF,5
DPRMFAAD,MF,5
DPRMFAD1,MF,5
DPRMFAD4,MF,5
DPRMFAGP,MF,5
DPRMFAQD,MF,5
DPRMV2D1,MF,5
DPRMV2GP,MF,5
DPRMV6GP,MF,5
DPRMY2D1,MF,5
DPRMY2GP,MF,5
DWSFMN16AD,MF,5
DWSFMN16DP,MF,5
DWSFMN16GP,MF,5
DWSFMN16QD,MF,5
DWSFMN21DG,MF,5
DWSFMN31GP,MF,5
DWSFMN31RA,MF,5
DWSFMN31RQ,MF,5
DWSFMN45DG,MF,5
DWSFMN45RG,MF,5
DWSFMN47DG,MF,5
DWSFMN47RG,MF,5
DWSFMN54DG,MF,5
DWSFMN54RG,MF,5
DWSFMN61DG,MF,5
DWSFMN61RG,MF,5
DWSFMN63RA,MF,5
DWSFMN63RD,MF,5
DWSFMN63RG,MF,5
DWSFMP32DG,MF,5
DWSFMP32RA,MF,5
DWSFMP32RD,MF,5
DWSFMP32RG,MF,5
DWSFMP32RQ,MF,5
DWSFMP56DG,MF,5
DWSFMP56QD,MF,5
DWSFMP56RA,MF,5
DWSFMP56RG,MF,5
DWSFMP58DG,MF,5
DWSFMP58RD,MF,5
DWSFMP58RG,MF,5
DWSFMP58RQ,MF,5
DWSFMP64DP,MF,5
DWSFMP64RA,MF,5
DWSFMP64RD,MF,5
DWSFMP64RG,MF,5
DWSFMP64RQ,MF,5
DWSFMP72DG,MF,5
DWSFMP72RA,MF,5
DWSFMP72RD,MF,5
DWSFMP72RG,MF,5
DWSFMP72RQ,MF,5
DWSFMP75DG,MF,5
DWSFMP75RD,MF,5
DWSFMP75RG,MF,5
DWSFMP75RQ,MF,5
DWSFMP77DG,MF,5
DWSFMP77RG,MF,5
DWSFMP77RQ,MF,5
DWSFMP78DG,MF,5
DWSFMP78RG,MF,5
DWSFMP78RQ,MF,5
DWSFMP82DG,MF,5
DWSFMP82RG,MF,5
DWSFMP82RQ,MF,5
DWSFMP85AD,MF,5
DWSFMP85DG,MF,5
DWSFMP85RD,MF,5
DWSFMP85RG,MF,5
DWSFMP85RQ,MF,5
DWSFMP86DG,MF,5
DWSFMP86RD,MF,5
DWSFMP86RG,MF,5
DWSFMP87DG,MF,5
DWSFMP87RG,MF,5
DWSFMP91DG,MF,5
DWSFMP91RG,MF,5
DWSFMP95DG,MF,5
DWSFMP95RD,MF,5
DWSFMP95RG,MF,5
DWSFTF91DP,MF,5
DWSFTF91GP,MF,5
DWSHFTF3DP,MF,5
DWSHFTF3GP,MF,5
DWSHYD10AD,MF,5
DWSHYD10DP,MF,5
DWSHYD10GP,MF,5
DWSHYD10QD,MF,5
DWSHYD13D1,MF,5
DWSHYD13DP,MF,5
DWSHYD13GP,MF,5
DWSHYD19D1,MF,5
DWSHYD19DP,MF,5
DWSHYD19GP,MF,5
DWSHYD21DP,MF,5
DWSHYD21RA,MF,5
DWSHYD21RD,MF,5
DWSHYD21RG,MF,5
DWSHYD21RQ,MF,5
DWSHYD22DP,MF,5
DWSHYD22DQ,MF,5
DWSHYD22RA,MF,5
DWSHYD22RD,MF,5
DWSHYD22RG,MF,5
DWSHYD22RQ,MF,5
DWSHYD23DP,MF,5
DWSHYD23RA,MF,5
DWSHYD23RD,MF,5
DWSHYD23RG,MF,5
DWSHYD23RQ,MF,5
DWSHYD26DA,MF,5
DWSHYD26DP,MF,5
DWSHYD26RA,MF,5
DWSHYD26RD,MF,5
DWSHYD26RG,MF,5
DWSHYD26RQ,MF,5
DWSHYD27DP,MF,5
DWSHYD27RD,MF,5
DWSHYD27RG,MF,5
DWSHYD27RQ,MF,5
DWSHYD29DP,MF,5
DWSHYD29RA,MF,5
DWSHYD29RD,MF,5
DWSHYD29RG,MF,5
DWSHYD29RQ,MF,5
DWSHYD31DP,MF,5
DWSHYD31RA,MF,5
DWSHYD31RD,MF,5
DWSHYD31RG,MF,5
DWSHYD31RQ,MF,5
DWSHYD32DP,MF,5
DWSHYD32RA,MF,5
DWSHYD32RD,MF,5
DWSHYD32RG,MF,5
DWSHYD32RQ,MF,5
DWSHYD33DD,MF,5
DWSHYD33DP,MF,5
DWSHYD33RA,MF,5
DWSHYD33RD,MF,5
DWSHYD33RG,MF,5
DWSHYD33RQ,MF,5
DWSHYD34DP,MF,5
DWSHYD34RA,MF,5
DWSHYD34RD,MF,5
DWSHYD34RG,MF,5
DWSHYD34RQ,MF,5
DWSHYD35DD,MF,5
DWSHYD35DP,MF,5
DWSHYD35RA,MF,5
DWSHYD35RD,MF,5
DWSHYD35RG,MF,5
DWSHYD35RQ,MF,5
DWSHYD37DP,MF,5
DWSHYD37RA,MF,5
DWSHYD37RD,MF,5
DWSHYD37RG,MF,5
DWSHYD37RQ,MF,5
DWSHYD39DA,MF,5
DWSHYD39DD,MF,5
DWSHYD39DP,MF,5
DWSHYD39RA,MF,5
DWSHYD39RD,MF,5
DWSHYD39RG,MF,5
DWSHYD39RQ,MF,5
DWSHYD40RQ,MF,5
DWSHYD41DD,MF,5
DWSHYD41DP,MF,5
DWSHYD41DQ,MF,5
DWSHYD41RA,MF,5
DWSHYD41RD,MF,5
DWSHYD41RG,MF,5
DWSHYD41RQ,MF,5
DWSHYD6DI,MF,5
DWSHYD6GR,MF,5
DWSHYN4DI,MF,5
DWSHYN4GR,MF,5
DWSHYN5DI,MF,5
DWSHYN5GR,MF,5
DWSHYN6DI,MF,5
DWSHYN6GR,MF,5
DWSHYN7AD,MF,5
DWSHYN7DP,MF,5
DWSHYN7GR,MF,5
DWSHYN7QD,MF,5
DWSHYN8AD,MF,5
DWSHYN8DP,MF,5
DWSHYN8GP,MF,5
DWSHYN8QD,MF,5
DWSHYN9AD,MF,5
DWSHYN9DP,MF,5
DWSHYN9GP,MF,5
DWSHYN9QD,MF,5
DWSINT1D1,MF,5
DWSINT1DPQ,MF,5
DWSINT1GP,MF,5
DWSLCFS1DD,MF,5
DWSLCFS1DG,MF,5
DWSLCFS1RD,MF,5
DWSLCFS1RG,MF,5
DWSLCFS2DD,MF,5
DWSLCFS2DG,MF,5
DWSLCFS2RD,MF,5
DWSLCFS2RG,MF,5
DWSLCFS3DD,MF,5
DWSLCFS3DG,MF,5
DWSLCFS3RD,MF,5
DWSLCFS3RG,MF,5
DWSMIDDP,MF,5
DWSMIDRD,MF,5
DWSMIDRG,MF,5
DWSMIDRQ,MF,5
E14D,MF,5
E14G,MF,5
E20D,MF,5
E20G,MF,5
E35D,MF,5
E35G,MF,5
E38D,MF,5
E38G,MF,5
E40D,MF,5
E40G,MF,5
E501D,MF,5
E501G,MF,5
E502D,MF,5
E502G,MF,5
ED14D,MF,5
ED14G,MF,5
ED20D,MF,5
ED20G,MF,5
ED35G,MF,5
ED38G,MF,5
ED40G,MF,5
EMFFMP41DD,MF,5
EMFFMP41DG,MF,5
EMFFMP41RD,MF,5
EMFFMP41RG,MF,5
F98G,MF,5
FIFMPS1ADP,MF,5
FIFMPS1AGP,MF,5
FIFMPS1AGR,MF,5
FIFMPS6QD,MF,5
FIFMPS6QG,MF,5
FTFK368DHD,MF,5
FTFK368DQD,MF,5
FTFK368RG,MF,5
FTFK368RHD,MF,5
FTFK368RQD,MF,5
FTFL2YRSDG,MF,5
FTFL2YRSRG,MF,5
FTFL2YRSRH,MF,5
FTFL2YRSRQ,MF,5
FTS125D,MF,5
FTS125G,MF,5
FTS126D,MF,5
FTS126G,MF,5
FTS128D,MF,5
FTS128G,MF,5
GJDG,MF,5
GJDHD,MF,5
GJDQD,MF,5
GJRG,MF,5
GJRHD,MF,5
GJRQD,MF,5
GKDG,MF,5
GKDHD,MF,5
GKRG,MF,5
GKRQD,MF,5
GUDG,MF,5
GURG,MF,5
GURHD,MF,5
GWDG,MF,5
GWDQD,MF,5
GWRG,MF,5
GWRQD,MF,5
GYDG,MF,5
GYRG,MF,5
GYRHD,MF,5
GYRQD,MF,5
H1099A32DD,MF,5
H1099A32DG,MF,5
H1099A32DQ,MF,5
H1099A32RD,MF,5
H1099A32RF,MF,5
H1099A32RG,MF,5
H1099A32RQ,MF,5
H1099MDADD,MF,5
H1099MDADG,MF,5
H1099MDARD,MF,5
H1099MDARG,MF,5
H1104A36DD,MF,5
H1104A36DG,MF,5
H1104A36DQ,MF,5
H1104A36RD,MF,5
H1104A36RG,MF,5
H1104A36RQ,MF,5
H1105D35DD,MF,5
H1105D35DG,MF,5
H1105D35DQ,MF,5
H1105D35RD,MF,5
H1105D35RG,MF,5
H1105D35RQ,MF,5
H1105S34DD,MF,5
H1105S34DG,MF,5
H1105S34DQ,MF,5
H1105S34RD,MF,5
H1105S34RG,MF,5
H1105S34RQ,MF,5
H1106D33DD,MF,5
H1106D33DF,MF,5
H1106D33DG,MF,5
H1106D33DQ,MF,5
H1106D33RD,MF,5
H1106D33RF,MF,5
H1106D33RG,MF,5
H1106D33RQ,MF,5
H1107D32DD,MF,5
H1107D32DG,MF,5
H1107D32DQ,MF,5
H1107D32RD,MF,5
H1107D32RF,MF,5
H1107D32RG,MF,5
H1107D32RQ,MF,5
H1107M36DD,MF,5
H1107M36DG,MF,5
H1107M36DQ,MF,5
H1107M36RD,MF,5
H1107M36RG,MF,5
H1107M36RQ,MF,5
H1107O32DD,MF,5
H1107O32DG,MF,5
H1107O32DQ,MF,5
H1107O32RD,MF,5
H1107O32RF,MF,5
H1107O32RG,MF,5
H1107O32RQ,MF,5
H1108S34DD,MF,5
H1108S34DG,MF,5
H1108S34DQ,MF,5
H1108S34RD,MF,5
H1108S34RG,MF,5
H1108S34RQ,MF,5
H1111ADADD,MF,5
H1111ADADG,MF,5
H1111ADARD,MF,5
H1111ADARG,MF,5
H1111N32DD,MF,5
H1111N32DG,MF,5
H1111N32DQ,MF,5
H1111N32RD,MF,5
H1111N32RF,MF,5
H1111N32RG,MF,5
H1111N32RQ,MF,5
H1111N34DD,MF,5
H1111N34DG,MF,5
H1111N34DQ,MF,5
H1111N34RD,MF,5
H1111N34RG,MF,5
H1111N34RQ,MF,5
H1111S37DD,MF,5
H1111S37DG,MF,5
H1111S37DQ,MF,5
H1111S37RD,MF,5
H1111S37RG,MF,5
H1111S37RQ,MF,5
H1112J33DD,MF,5
H1112J33DF,MF,5
H1112J33DG,MF,5
H1112J33DQ,MF,5
H1112J33RD,MF,5
H1112J33RF,MF,5
H1112J33RG,MF,5
H1112J33RQ,MF,5
H1112J36DG,MF,5
H1112J36RD,MF,5
H1112J36RG,MF,5
H1112J36RQ,MF,5
H1113A32DD,MF,5
H1113A32DG,MF,5
H1113A32DQ,MF,5
H1113A32RD,MF,5
H1113A32RF,MF,5
H1113A32RG,MF,5
H1113A32RQ,MF,5
H1113J36DD,MF,5
H1113J36DG,MF,5
H1113J36DQ,MF,5
H1113J36RD,MF,5
H1113J36RG,MF,5
H1113J36RQ,MF,5
H1113N32DD,MF,5
H1113N32DF,MF,5
H1113N32DG,MF,5
H1113N32DQ,MF,5
H1113N32RD,MF,5
H1113N32RF,MF,5
H1113N32RG,MF,5
H1113N32RQ,MF,5
H1113O32DD,MF,5
H1113O32DG,MF,5
H1113O32DQ,MF,5
H1113O32RD,MF,5
H1113O32RF,MF,5
H1113O32RG,MF,5
H1113O32RQ,MF,5
H1114M35DD,MF,5
H1114M35DG,MF,5
H1114M35RD,MF,5
H1114M35RG,MF,5
H1114M35RQ,MF,5
H1115D32DD,MF,5
H1115D32DG,MF,5
H1115D32DQ,MF,5
H1115D32RD,MF,5
H1115D32RF,MF,5
H1115D32RG,MF,5
H1115D32RQ,MF,5
H1115D33DD,MF,5
H1115D33DF,MF,5
H1115D33DG,MF,5
H1115D33DQ,MF,5
H1115D33RD,MF,5
H1115D33RF,MF,5
H1115D33RG,MF,5
H1115D33RQ,MF,5
H1116J31DD,MF,5
H1116J31DF,MF,5
H1116J31DG,MF,5
H1116J31DQ,MF,5
H1116J31RD,MF,5
H1116J31RF,MF,5
H1116J31RG,MF,5
H1116J31RQ,MF,5
H1120M36DD,MF,5
H1120M36DG,MF,5
H1120M36RD,MF,5
H1120M36RG,MF,5
H1123J31DD,MF,5
H1123J31DG,MF,5
H1123J31DQ,MF,5
H1123J31RD,MF,5
H1123J31RF,MF,5
H1123J31RG,MF,5
H1123J31RQ,MF,5
H1125S32DD,MF,5
H1125S32DG,MF,5
H1125S32DQ,MF,5
H1125S32RD,MF,5
H1125S32RF,MF,5
H1125S32RG,MF,5
H1125S32RQ,MF,5
H1126J34DD,MF,5
H1126J34DG,MF,5
H1126J34RD,MF,5
H1126J34RG,MF,5
H1126J34RQ,MF,5
H1127J36DD,MF,5
H1127J36DG,MF,5
H1127J36DQ,MF,5
H1127J36RD,MF,5
H1127J36RG,MF,5
H1127J36RQ,MF,5
H1127M33DD,MF,5
H1127M33DF,MF,5
H1127M33DG,MF,5
H1127M33DQ,MF,5
H1127M33RD,MF,5
H1127M33RF,MF,5
H1127M33RG,MF,5
H1127M33RQ,MF,5
H1127M36DD,MF,5
H1127M36DG,MF,5
H1127M36RD,MF,5
H1127M36RG,MF,5
H1127M36RQ,MF,5
H1128D33DD,MF,5
H1128D33DG,MF,5
H1128D33DQ,MF,5
H1128D33RD,MF,5
H1128D33RG,MF,5
H1128D33RQ,MF,5
H1128J36DD,MF,5
H1128J36DG,MF,5
H1128J36DQ,MF,5
H1128J36RD,MF,5
H1128J36RG,MF,5
H1128J36RQ,MF,5
H1128S32DD,MF,5
H1128S32DG,MF,5
H1128S32DQ,MF,5
H1128S32RD,MF,5
H1128S32RF,MF,5
H1128S32RG,MF,5
H1128S32RQ,MF,5
H1132F35DD,MF,5
H1132F35DG,MF,5
H1132F35RD,MF,5
H1132F35RG,MF,5
H1132F35RQ,MF,5
H1134J34DD,MF,5
H1134J34DG,MF,5
H1134J34DQ,MF,5
H1134J34RD,MF,5
H1134J34RG,MF,5
H1134J34RQ,MF,5
H1134S32DD,MF,5
H1134S32DF,MF,5
H1134S32DG,MF,5
H1134S32DQ,MF,5
H1134S32RD,MF,5
H1134S32RF,MF,5
H1134S32RG,MF,5
H1134S32RQ,MF,5
H1135D33DD,MF,5
H1135D33DG,MF,5
H1135D33DQ,MF,5
H1135D33RD,MF,5
H1135D33RF,MF,5
H1135D33RG,MF,5
H1135D33RQ,MF,5
H1140M35DD,MF,5
H1140M35DG,MF,5
H1140M35DQ,MF,5
H1140M35RD,MF,5
H1140M35RG,MF,5
H1140M35RQ,MF,5
H1141J34DD,MF,5
H1141J34DG,MF,5
H1141J34DQ,MF,5
H1141J34RD,MF,5
H1141J34RG,MF,5
H1141J34RQ,MF,5
H114327JDD,MF,5
H114327JDG,MF,5
H114327JDQ,MF,5
H114327JRD,MF,5
H114327JRG,MF,5
H1148D35DG,MF,5
H1148D35DQ,MF,5
H1148D35RD,MF,5
H1148D35RG,MF,5
H1148D35RQ,MF,5
H1148F35DD,MF,5
H1148F35DG,MF,5
H1148F35DQ,MF,5
H1148F35RD,MF,5
H1148F35RG,MF,5
H1148F35RQ,MF,5
H1150F37DD,MF,5
H1150F37DG,MF,5
H1150F37DQ,MF,5
H1150F37RD,MF,5
H1150F37RG,MF,5
H1150F37RQ,MF,5
H1153A36DD,MF,5
H1153A36DG,MF,5
H1153A36DQ,MF,5
H1153A36RD,MF,5
H1153A36RG,MF,5
H1153A36RQ,MF,5
H1155F35DD,MF,5
H1155F35DG,MF,5
H1155F35DQ,MF,5
H1155F35RD,MF,5
H1155F35RG,MF,5
H1155F35RQ,MF,5
H1155F37DD,MF,5
H1155F37DG,MF,5
H1155F37DQ,MF,5
H1155F37RD,MF,5
H1155F37RG,MF,5
H1155F37RQ,MF,5
H1157D33DD,MF,5
H1157D33DF,MF,5
H1157D33DG,MF,5
H1157D33RD,MF,5
H1157D33RF,MF,5
H1157D33RG,MF,5
H1157D33RQ,MF,5
H1160JDADD,MF,5
H1160JDADG,MF,5
H1160JDARD,MF,5
H1160JDARG,MF,5
H1161F35DD,MF,5
H1161F35DG,MF,5
H1161F35DQ,MF,5
H1161F35RD,MF,5
H1161F35RG,MF,5
H1161F35RQ,MF,5
H1161J36DD,MF,5
H1161J36DG,MF,5
H1161J36DQ,MF,5
H1161J36RD,MF,5
H1161J36RG,MF,5
H1161J36RQ,MF,5
H1165M38DD,MF,5
H1165M38DG,MF,5
H1165M38DQ,MF,5
H1165M38RD,MF,5
H1165M38RG,MF,5
H1165M38RQ,MF,5
H1167J35DD,MF,5
H1167J35DG,MF,5
H1167J35DQ,MF,5
H1167J35RD,MF,5
H1167J35RG,MF,5
H1167J35RQ,MF,5
H1168F35DD,MF,5
H1168F35DG,MF,5
H1168F35RG,MF,5
H1168F35RQ,MF,5
H1169F37DD,MF,5
H1169F37DG,MF,5
H1169F37DQ,MF,5
H1169F37RD,MF,5
H1169F37RG,MF,5
H1169F37RQ,MF,5
H1170F37DD,MF,5
H1170F37DG,MF,5
H1170F37DQ,MF,5
H1170F37RD,MF,5
H1170F37RG,MF,5
H1170F37RQ,MF,5
H1172M38DD,MF,5
H1172M38DG,MF,5
H1172M38DQ,MF,5
H1172M38RD,MF,5
H1172M38RG,MF,5
H1172M38RQ,MF,5
H1176J35DD,MF,5
H1176J35DG,MF,5
H1176J35DQ,MF,5
H1176J35RD,MF,5
H1176J35RG,MF,5
H1176J35RQ,MF,5
H1178F37DD,MF,5
H1178F37DG,MF,5
H1178F37DQ,MF,5
H1178F37RD,MF,5
H1178F37RG,MF,5
H1178F37RQ,MF,5
H1183J35DD,MF,5
H1183J35DG,MF,5
H1183J35DQ,MF,5
H1183J35RD,MF,5
H1183J35RG,MF,5
H1183J35RQ,MF,5
H1184D33DD,MF,5
H1184D33DG,MF,5
H1184D33DQ,MF,5
H1184D33RD,MF,5
H1184D33RF,MF,5
H1184D33RG,MF,5
H1184D33RQ,MF,5
H1188M38DD,MF,5
H1188M38DG,MF,5
H1188M38DQ,MF,5
H1188M38RD,MF,5
H1188M38RG,MF,5
H1188M38RQ,MF,5
H1190M36DD,MF,5
H1190M36DG,MF,5
H1190M36DQ,MF,5
H1190M36RD,MF,5
H1190M36RG,MF,5
H1190M36RQ,MF,5
H1199J37DD,MF,5
H1199J37DG,MF,5
H1199J37DQ,MF,5
H1199J37RD,MF,5
H1199J37RG,MF,5
H1199J37RQ,MF,5
H1213M38DD,MF,5
H1213M38DG,MF,5
H1213M38DQ,MF,5
H1213M38RD,MF,5
H1213M38RG,MF,5
H1213M38RQ,MF,5
H1218D37DD,MF,5
H1218D37DG,MF,5
H1218D37DQ,MF,5
H1218D37RD,MF,5
H1218D37RG,MF,5
H1218D37RQ,MF,5
H1224NDADD,MF,5
H1224NDADG,MF,5
H1224NDARD,MF,5
H1224NDARG,MF,5
H1267ODADD,MF,5
H1267ODADG,MF,5
H1267ODARD,MF,5
H1267ODARG,MF,5
H1302S37DD,MF,5
H1302S37DG,MF,5
H1302S37DQ,MF,5
H1302S37RD,MF,5
H1302S37RG,MF,5
H1302S37RQ,MF,5
H1304ADADD,MF,5
H1304ADADG,MF,5
H1304ADARD,MF,5
H1304ADARG,MF,5
H1309S37DD,MF,5
H1309S37DG,MF,5
H1309S37DQ,MF,5
H1309S37RD,MF,5
H1309S37RG,MF,5
H1309S37RQ,MF,5
H1846A27DD,MF,5
H1846A27DG,MF,5
H1846A27DQ,MF,5
H1846A27RD,MF,5
H1846A27RF,MF,5
H1846A27RG,MF,5
H1846A27RQ,MF,5
H1875A27DD,MF,5
H1875A27DF,MF,5
H1875A27DG,MF,5
H1875A27DQ,MF,5
H1875A27RD,MF,5
H1875A27RG,MF,5
H1875A27RQ,MF,5
H1919JANDD,MF,5
H1919JANDF,MF,5
H1919JANDG,MF,5
H1919JANDQ,MF,5
H1919JANRD,MF,5
H1919JANRF,MF,5
H1919JANRG,MF,5
H1919JANRQ,MF,5
H3360D30DD,MF,5
H3360D30DF,MF,5
H3360D30DG,MF,5
H3360D30DQ,MF,5
H3360D30RD,MF,5
H3360D30RF,MF,5
H3360D30RG,MF,5
H3360D30RQ,MF,5
H36631MDD1,MF,5
H36631MDF1,MF,5
H36631MDG1,MF,5
H36631MDQ1,MF,5
H36631MRD1,MF,5
H36631MRG1,MF,5
H36631MYDD,MF,5
H36631MYDG,MF,5
H36631MYRD,MF,5
H36631MYRF,MF,5
H36631MYRG,MF,5
H36631MYRQ,MF,5
H36731ADD1,MF,5
H36731ADF1,MF,5
H36731ADG1,MF,5
H36731ARF1,MF,5
H36731ARG1,MF,5
H36731MDD1,MF,5
H36731MDD2,MF,5
H36731MDF1,MF,5
H36731MDG1,MF,5
H36731MDG2,MF,5
H36731MDQ2,MF,5
H36731MRD1,MF,5
H36731MRD2,MF,5
H36731MRF1,MF,5
H36731MRG1,MF,5
H36731MRG2,MF,5
H36731MRQ1,MF,5
H36731MRQ2,MF,5
H36931ADG1,MF,5
H36931ADG2,MF,5
H36931ADQ1,MF,5
H36931ARD2,MF,5
H36931ARG1,MF,5
H36931ARG2,MF,5
H36931ARQ1,MF,5
H37031ADD1,MF,5
H37031ADD2,MF,5
H37031ADF1,MF,5
H37031ADF2,MF,5
H37031ADG1,MF,5
H37031ADG2,MF,5
H37031ADG3,MF,5
H37031ADG4,MF,5
H37031ADQ1,MF,5
H37031ADQ4,MF,5
H37031ARD1,MF,5
H37031ARD2,MF,5
H37031ARD3,MF,5
H37031ARD4,MF,5
H37031ARG1,MF,5
H37031ARG2,MF,5
H37031ARG3,MF,5
H37031ARG4,MF,5
H37031ARQ1,MF,5
H37031JDD2,MF,5
H37031JDG1,MF,5
H37031JDG2,MF,5
H37031JRD1,MF,5
H37031JRD2,MF,5
H37031JRF1,MF,5
H37031JRG1,MF,5
H37031JRG2,MF,5
H37031JRQ1,MF,5
H37031MDD2,MF,5
H37031MDF1,MF,5
H37031MDF2,MF,5
H37031MDG1,MF,5
H37031MDG2,MF,5
H37031MDQ1,MF,5
H37031MRG1,MF,5
H37031MRG2,MF,5
H37128NDD1,MF,5
H37128NDD2,MF,5
H37128NDF1,MF,5
H37128NDG1,MF,5
H37128NDG2,MF,5
H37128NDQ1,MF,5
H37128NDQ2,MF,5
H37128NRD1,MF,5
H37128NRG1,MF,5
H37128NRG2,MF,5
H37128NRQ2,MF,5
H37129JDD1,MF,5
H37129JDG1,MF,5
H37129JRD1,MF,5
H37129JRG1,MF,5
H37129JRQ1,MF,5
H37131JDD2,MF,5
H37131JDD3,MF,5
H37131JDF2,MF,5
H37131JDF3,MF,5
H37131JDG1,MF,5
H37131JDG2,MF,5
H37131JDG3,MF,5
H37131JDQ1,MF,5
H37131JDQ3,MF,5
H37131JRD1,MF,5
H37131JRD2,MF,5
H37131JRD3,MF,5
H37131JRG1,MF,5
H37131JRG2,MF,5
H37131JRG3,MF,5
H37131JRQ3,MF,5
H37131MDD1,MF,5
H37131MDG1,MF,5
H37131MDQ1,MF,5
H37131MRD1,MF,5
H37131MRF1,MF,5
H37131MRG1,MF,5
H37131MRQ1,MF,5
H371D28DD1,MF,5
H371D28DF1,MF,5
H371D28DG1,MF,5
H371D28DQ1,MF,5
H371D28RD1,MF,5
H371D28RG1,MF,5
H371D28RQ1,MF,5
H37731MDG1,MF,5
H37731MRD1,MF,5
H37731MRF1,MF,5
H37731MRG1,MF,5
H37829MDD1,MF,5
H37829MDG1,MF,5
H37829MRD1,MF,5
H37829MRF1,MF,5
H37829MRG1,MF,5
H37829MRQ1,MF,5
H38429MDF1,MF,5
H38429MDG1,MF,5
H38429MRD1,MF,5
H38429MRG1,MF,5
H39029MDD1,MF,5
H39029MDF1,MF,5
H39029MDG1,MF,5
H39029MRD1,MF,5
H39029MRF1,MF,5
H39029MRG1,MF,5
H40029MDD1,MF,5
H40029MDG1,MF,5
H40029MRD1,MF,5
H40029MRF1,MF,5
H40029MRG1,MF,5
H43429FDG1,MF,5
H43429FRD1,MF,5
H43429FRG1,MF,5
H43529MDD1,MF,5
H43529MDF1,MF,5
H43529MDG1,MF,5
H43529MDQ1,MF,5
H43529MRD1,MF,5
H43529MRF1,MF,5
H43529MRG1,MF,5
H43529MRQ1,MF,5
H44129FDD1,MF,5
H44129FDG1,MF,5
H44129FRD1,MF,5
H44129FRF1,MF,5
H44129FRG1,MF,5
H44129FRQ1,MF,5
H44729FDD1,MF,5
H44729FDG1,MF,5
H44729FDQ1,MF,5
H44729FRD1,MF,5
H44729FRG1,MF,5
H44729FRQ1,MF,5
H45329FDD1,MF,5
H45329FDG1,MF,5
H45329FRD1,MF,5
H45329FRF1,MF,5
H45329FRG1,MF,5
H45329FRQ1,MF,5
H47229JDG1,MF,5
H47229JRF1,MF,5
H47229JRG1,MF,5
H47229JRQ1,MF,5
H47829JDF1,MF,5
H47829JDG1,MF,5
H47829JRD1,MF,5
H47829JRG1,MF,5
H49129JDD1,MF,5
H49129JDG1,MF,5
H49129JDQ1,MF,5
H49129JRD1,MF,5
H49129JRG1,MF,5
H49129JRQ1,MF,5
H50429DDD1,MF,5
H50429DDG1,MF,5
H50429DDQ1,MF,5
H50429DRD1,MF,5
H50429DRF1,MF,5
H50429DRG1,MF,5
H50429DRQ1,MF,5
H53828NDF1,MF,5
H53828NDG1,MF,5
H53828NRD1,MF,5
H53828NRG1,MF,5
H53828NRQ1,MF,5
H55428NDD1,MF,5
H55428NDF1,MF,5
H55428NDG1,MF,5
H55428NDQ1,MF,5
H55428NRD1,MF,5
H55428NRF1,MF,5
H55428NRG1,MF,5
H55428NRQ1,MF,5
H57228ODD1,MF,5
H57228ODF1,MF,5
H57228ODG1,MF,5
H57228ODQ1,MF,5
H57228ORD1,MF,5
H57228ORF1,MF,5
H57228ORG1,MF,5
H57228ORQ1,MF,5
H730R31DD1,MF,5
H730R31DF1,MF,5
H730R31DG1,MF,5
H730R31DQ1,MF,5
H730R31RD1,MF,5
H730R31RG1,MF,5
H730R31RQ1,MF,5
H742S28DD1,MF,5
H742S28DF1,MF,5
H742S28DG1,MF,5
H742S28DQ1,MF,5
H742S28RD1,MF,5
H742S28RG1,MF,5
H742S28RQ1,MF,5
H74731JDD1,MF,5
H74731JDF1,MF,5
H74731JDG1,MF,5
H74731JDQ1,MF,5
H74731JRD1,MF,5
H74731JRF1,MF,5
H74731JRG1,MF,5
H74731JRQ1,MF,5
H747J31DD1,MF,5
H747J31DF1,MF,5
H747J31DG1,MF,5
H747J31DQ1,MF,5
H747J31RD1,MF,5
H747J31RF1,MF,5
H747J31RG1,MF,5
H747J31RQ1,MF,5
H75031JDD1,MF,5
H75031JDG1,MF,5
H75031JDQ1,MF,5
H75031JRD1,MF,5
H75031JRG1,MF,5
H75031JRQ1,MF,5
HA37026DD2,MF,5
HA37026DG1,MF,5
HA37026DG2,MF,5
HA37026DQ2,MF,5
HA37026RD1,MF,5
HA37026RF1,MF,5
HA37026RG1,MF,5
HA37026RG2,MF,5
HA37026RQ1,MF,5
HA37027DD3,MF,5
HA37027DG3,MF,5
HA37027DG4,MF,5
HA37027RG3,MF,5
HA37027RG4,MF,5
HA37027RQ3,MF,5
HA37127DG1,MF,5
HA37127DQ1,MF,5
HA37127RG1,MF,5
HADG,MF,5
HARG,MF,5
HARHD,MF,5
HARQD,MF,5
HBDG,MF,5
HBRG,MF,5
HCDG,MF,5
HCFCCAD100,MF,5
HCFCCAPD50,MF,5
HCFCCAPR50,MF,5
HCFCCAR100,MF,5
HCFCCDD100,MF,5
HCFCCDPD50,MF,5
HCFCCDPR50,MF,5
HCFCCDR100,MF,5
HCP1100ODD,MF,5
HCP1100ODG,MF,5
HCP1100ORD,MF,5
HCP1100ORG,MF,5
HCP1173DDD,MF,5
HCP1173DDG,MF,5
HCP1173DRD,MF,5
HCP1173DRG,MF,5
HCP1207DDD,MF,5
HCP1207DDG,MF,5
HCP1207DRD,MF,5
HCP1207DRG,MF,5
HCP36MJNDD,MF,5
HCP36MJNDG,MF,5
HCP36MJNRD,MF,5
HCP36MJNRG,MF,5
HCPO36AMDD,MF,5
HCPO36AMDG,MF,5
HCPO36AMRD,MF,5
HCPO36AMRG,MF,5
HCPO36MMDD,MF,5
HCPO36MMDG,MF,5
HCPO36MMRD,MF,5
HCPO36MMRG,MF,5
HCPO36OMDD,MF,5
HCPO36OMDG,MF,5
HCPO36OMRD,MF,5
HCPO36OMRG,MF,5
HCPO36SMDD,MF,5
HCPO36SMDG,MF,5
HCPO36SMRD,MF,5
HCPO36SMRG,MF,5
HCPOM36JDD,MF,5
HCPOM36JDG,MF,5
HCPOM36JRD,MF,5
HCPOM36JRG,MF,5
HCRG,MF,5
HCRHD,MF,5
HCRQD,MF,5
HDA1100ADD,MF,5
HDA1100ADG,MF,5
HDA1100ARD,MF,5
HDA1100ARG,MF,5
HDAIF1ADDP,MF,5
HDAIF1ADGR,MF,5
HDAIF1ARDP,MF,5
HDAIF1ARGR,MF,5
HDAIF1BDDR,MF,5
HFEFBDD,MF,5
HFEFBDG,MF,5
HFEFBRD,MF,5
HFEFBRG,MF,5
HFEFDD,MF,5
HFEFDG,MF,5
HFEFRD,MF,5
HFEFRG,MF,5
HFTS125G,MF,5
HFTS126G,MF,5
HFTS128G,MF,5
HIDG,MF,5
HIRG,MF,5
HJ37026DD1,MF,5
HJ37026DG1,MF,5
HJ37026RD1,MF,5
HJ37026RG1,MF,5
HJ37126DD1,MF,5
HJ37126DF1,MF,5
HJ37126DG1,MF,5
HJ37126RD1,MF,5
HJ37126RG1,MF,5
HMDG,MF,5
HMRD,MF,5
HMRG,MF,5
HNOVM3619G,MF,5
HNOVM3619N,MF,5
HNOVM3619Q,MF,5
HOC36M19G,MF,5
HOC36M19N,MF,5
HOC36M19Q,MF,5
HS37027DD2,MF,5
HS37027DG1,MF,5
HS37027DG2,MF,5
HS37027RD1,MF,5
HS37027RD2,MF,5
HS37027RG1,MF,5
HS37027RG2,MF,5
HSDD,MF,5
HSDG,MF,5
HSRD,MF,5
HSRG,MF,5
HYKDG,MF,5
HYKDH,MF,5
HYKDY,MF,5
HYKHD,MF,5
HYKRG,MF,5
HYKYD,MF,5
HYMDG,MF,5
HYMDHD,MF,5
HYMDYD,MF,5
HYMRG,MF,5
HYMRHD,MF,5
HYMRYD,MF,5
HYNDG,MF,5
HYNDHD,MF,5
HYNDYD,MF,5
HYNRG,MF,5
HYNRHD,MF,5
HYNRYD,MF,5
HYODG,MF,5
HYODH,MF,5
HYODY,MF,5
HYOHD,MF,5
HYORG,MF,5
HYOYD,MF,5
HYPDG,MF,5
HYPDH,MF,5
HYPDY,MF,5
HYPHD,MF,5
HYPRG,MF,5
HYPYD,MF,5
I1ADD,MF,5
I1ADR,MF,5
I1AGG,MF,5
I1MDD,MF,5
I1MDR,MF,5
I1MGG,MF,5
I1QDD,MF,5
I1QDR,MF,5
I1QGG,MF,5
I2QDD,MF,5
I2QDR,MF,5
I2QGG,MF,5
IDFC1374,MF,5
IDFC1375,MF,5
IDFC66DG,MF,5
IDFC66RG,MF,5
IDFC70DG,MF,5
IDFC70RG,MF,5
IDFC70RQD,MF,5
IDFC74DG,MF,5
IDFC74RG,MF,5
IDFC75DG,MF,5
IDFC75RG,MF,5
IDFC77DG,MF,5
IDFC77RG,MF,5
IDFC78DG,MF,5
IDFC78RG,MF,5
IDFC79DG,MF,5
IDFC79RG,MF,5
IDFC79RPD,MF,5
IDFC84DG,MF,5
IDFC84RG,MF,5
IDFC86DG,MF,5
IDFC86RG,MF,5
IDFC88DG,MF,5
IDFC88RG,MF,5
IDFC91DG,MF,5
IDFC91RG,MF,5
IDFC92DG,MF,5
IDFC92RG,MF,5
IDFC92RQD,MF,5
IDFC93DG,MF,5
IDFC93RG,MF,5
IDFC97DG,MF,5
IDFC97RG,MF,5
IDFC99DG,MF,5
IDFC99RG,MF,5
IDFCD1374,MF,5
IMF24RFDR,MF,5
IMF24RFGD,MF,5
IMF24RFGR,MF,5
IMFFM29BDG,MF,5
IMFFM29BRD,MF,5
IMFFM29BRG,MF,5
IPRU--2258,MF,5
IPRU--2268,MF,5
IPRU--2274,MF,5
IPRU--2284,MF,5
IPRU--8458,MF,5
IPRU--8468,MF,5
IPRU--8474,MF,5
IPRU--8475,MF,5
IPRU--8484,MF,5
IPRU-2242,MF,5
IPRU-2243,MF,5
IPRU-2248,MF,5
IPRU-2254,MF,5
IPRU-2255,MF,5
IPRU-2266,MF,5
IPRU-2270,MF,5
IPRU-2271,MF,5
IPRU-2272,MF,5
IPRU-2273,MF,5
IPRU-2282,MF,5
IPRU-2283,MF,5
IPRU-2288,MF,5
IPRU-2289,MF,5
IPRU-2290,MF,5
IPRU-2291,MF,5
IPRU-2307,MF,5
IPRU-2308,MF,5
IPRU-2317,MF,5
IPRU-2318,MF,5
IPRU-2351,MF,5
IPRU-2353,MF,5
IPRU-2354,MF,5
IPRU-2361,MF,5
IPRU-2363,MF,5
IPRU-2364,MF,5
IPRU-2369,MF,5
IPRU-2370,MF,5
IPRU-2375,MF,5
IPRU-2376,MF,5
IPRU-2377,MF,5
IPRU-2379,MF,5
IPRU-2380,MF,5
IPRU-2383,MF,5
IPRU-2384,MF,5
IPRU-2393,MF,5
IPRU-2394,MF,5
IPRU-2395,MF,5
IPRU-2396,MF,5
IPRU-2399,MF,5
IPRU-2400,MF,5
IPRU-2402,MF,5
IPRU-2403,MF,5
IPRU-2404,MF,5
IPRU-2405,MF,5
IPRU-2408,MF,5
IPRU-2409,MF,5
IPRU-2412,MF,5
IPRU-2413,MF,5
IPRU-2420,MF,5
IPRU-2421,MF,5
IPRU-2422,MF,5
IPRU-2423,MF,5
IPRU-2426,MF,5
IPRU-2427,MF,5
IPRU-8442,MF,5
IPRU-8448,MF,5
IPRU-8454,MF,5
IPRU-8455,MF,5
IPRU-8466,MF,5
IPRU-8470,MF,5
IPRU-8471,MF,5
IPRU-8472,MF,5
IPRU-8473,MF,5
IPRU-8482,MF,5
IPRU-8488,MF,5
IPRU-8489,MF,5
IPRU-8490,MF,5
IPRU-8491,MF,5
IPRU-8507,MF,5
IPRU-8517,MF,5
IPRU-8518,MF,5
IPRU-8551,MF,5
IPRU-8553,MF,5
IPRU-8554,MF,5
IPRU-8561,MF,5
IPRU-8563,MF,5
IPRU-8564,MF,5
IPRU-8569,MF,5
IPRU-8575,MF,5
IPRU-8577,MF,5
IPRU-8578,MF,5
IPRU-8579,MF,5
IPRU-8583,MF,5
IPRU-8584,MF,5
IPRU-8593,MF,5
IPRU-8594,MF,5
IPRU-8595,MF,5
IPRU-8599,MF,5
IPRU-8600,MF,5
IPRU-8602,MF,5
IPRU-8604,MF,5
IPRU-8605,MF,5
IPRU-8608,MF,5
IPRU-8609,MF,5
IPRU-8612,MF,5
IPRU-8613,MF,5
IPRU-8620,MF,5
IPRU-8622,MF,5
IPRU-8626,MF,5
IPRU-8627,MF,5
IPRU1009,MF,5
IPRU1010P,MF,5
IPRU1019,MF,5
IPRU1020,MF,5
IPRU1021,MF,5
IPRU1022,MF,5
IPRU1035,MF,5
IPRU1036,MF,5
IPRU1037,MF,5
IPRU1038,MF,5
IPRU1041,MF,5
IPRU1042,MF,5
IPRU1043,MF,5
IPRU1044,MF,5
IPRU1045,MF,5
IPRU1046,MF,5
IPRU1047,MF,5
IPRU1048,MF,5
IPRU1260,MF,5
IPRU1261P,MF,5
IPRU1292,MF,5
IPRU1293P,MF,5
IPRU1296,MF,5
IPRU1324,MF,5
IPRU1325P,MF,5
IPRU1326,MF,5
IPRU1327P,MF,5
IPRU1683,MF,5
IPRU2246,MF,5
IPRU2247,MF,5
IPRU2276,MF,5
IPRU2277,MF,5
IPRU2294,MF,5
IPRU2295,MF,5
IPRU2333,MF,5
IPRU2334,MF,5
IPRU2355,MF,5
IPRU2356,MF,5
IPRU2367,MF,5
IPRU2368,MF,5
IPRU2385,MF,5
IPRU2386,MF,5
IPRU2389,MF,5
IPRU2390,MF,5
IPRU2391,MF,5
IPRU2392,MF,5
IPRU2397,MF,5
IPRU2398,MF,5
IPRU2406,MF,5
IPRU2407,MF,5
IPRU2410,MF,5
IPRU2411,MF,5
IPRU2414,MF,5
IPRU2415,MF,5
IPRU2416,MF,5
IPRU2417,MF,5
IPRU2424,MF,5
IPRU2425,MF,5
IPRU2431,MF,5
IPRU2432,MF,5
IPRU2437,MF,5
IPRU2438,MF,5
IPRU2441,MF,5
IPRU2442,MF,5
IPRU2443,MF,5
IPRU2444,MF,5
IPRU2445,MF,5
IPRU2446,MF,5
IPRU2489,MF,5
IPRU2490,MF,5
IPRU2491,MF,5
IPRU2492,MF,5
IPRU2496,MF,5
IPRU2497,MF,5
IPRU2503,MF,5
IPRU2504,MF,5
IPRU2505,MF,5
IPRU2506,MF,5
IPRU2507,MF,5
IPRU2508,MF,5
IPRU2509,MF,5
IPRU2510,MF,5
IPRU2512,MF,5
IPRU2513,MF,5
IPRU2514,MF,5
IPRU2515,MF,5
IPRU2516,MF,5
IPRU2517,MF,5
IPRU2522,MF,5
IPRU2523,MF,5
IPRU2524,MF,5
IPRU2525,MF,5
IPRU2535,MF,5
IPRU2536,MF,5
IPRU2537,MF,5
IPRU2538,MF,5
IPRU2539,MF,5
IPRU2540,MF,5
IPRU2543,MF,5
IPRU2544,MF,5
IPRU2545,MF,5
IPRU2546,MF,5
IPRU2547,MF,5
IPRU2548,MF,5
IPRU2549,MF,5
IPRU2550,MF,5
IPRU2552,MF,5
IPRU2553,MF,5
IPRU2554,MF,5
IPRU2555,MF,5
IPRU2565,MF,5
IPRU2566,MF,5
IPRU2569,MF,5
IPRU2570,MF,5
IPRU2574,MF,5
IPRU2575,MF,5
IPRU2580,MF,5
IPRU2581,MF,5
IPRU2582,MF,5
IPRU2583,MF,5
IPRU2587,MF,5
IPRU2588,MF,5
IPRU2589,MF,5
IPRU2590,MF,5
IPRU2592,MF,5
IPRU2593,MF,5
IPRU2594,MF,5
IPRU2595,MF,5
IPRU2596,MF,5
IPRU2597,MF,5
IPRU2599,MF,5
IPRU2600,MF,5
IPRU2603,MF,5
IPRU2604,MF,5
IPRU2605,MF,5
IPRU2606,MF,5
IPRU2609,MF,5
IPRU2610,MF,5
IPRU2613,MF,5
IPRU2614,MF,5
IPRU2615,MF,5
IPRU2616,MF,5
IPRU2624,MF,5
IPRU2627,MF,5
IPRU2628,MF,5
IPRU2633,MF,5
IPRU2634,MF,5
IPRU2635,MF,5
IPRU2636,MF,5
IPRU2641,MF,5
IPRU2642,MF,5
IPRU2643,MF,5
IPRU2644,MF,5
IPRU2646,MF,5
IPRU2647,MF,5
IPRU2650,MF,5
IPRU2651,MF,5
IPRU2652,MF,5
IPRU2653,MF,5
IPRU2654,MF,5
IPRU2655,MF,5
IPRU2656,MF,5
IPRU2657,MF,5
IPRU2660,MF,5
IPRU2661,MF,5
IPRU2662,MF,5
IPRU2663,MF,5
IPRU2666,MF,5
IPRU2667,MF,5
IPRU2673,MF,5
IPRU2674,MF,5
IPRU2677,MF,5
IPRU2683,MF,5
IPRU2684,MF,5
IPRU2687,MF,5
IPRU2688,MF,5
IPRU2689,MF,5
IPRU2690,MF,5
IPRU2691,MF,5
IPRU2692,MF,5
IPRU2694,MF,5
IPRU2695,MF,5
IPRU2698,MF,5
IPRU2699,MF,5
IPRU2702,MF,5
IPRU2703,MF,5
IPRU2706,MF,5
IPRU2707,MF,5
IPRU2709,MF,5
IPRU2710,MF,5
IPRU2713,MF,5
IPRU2714,MF,5
IPRU2716,MF,5
IPRU2717,MF,5
IPRU2725,MF,5
IPRU2726,MF,5
IPRU2739,MF,5
IPRU2740,MF,5
IPRU2747,MF,5
IPRU2748,MF,5
IPRU2753,MF,5
IPRU2754,MF,5
IPRU2757,MF,5
IPRU2758,MF,5
IPRU2772,MF,5
IPRU2773,MF,5
IPRU2774,MF,5
IPRU2775,MF,5
IPRU2780,MF,5
IPRU2781,MF,5
IPRU2790,MF,5
IPRU2791,MF,5
IPRU2796,MF,5
IPRU2798,MF,5
IPRU2799,MF,5
IPRU2800,MF,5
IPRU2802,MF,5
IPRU2803,MF,5
IPRU2806,MF,5
IPRU2810,MF,5
IPRU2811,MF,5
IPRU2814,MF,5
IPRU2815,MF,5
IPRU2816,MF,5
IPRU2817,MF,5
IPRU2824,MF,5
IPRU2825,MF,5
IPRU2828,MF,5
IPRU2829,MF,5
IPRU2840,MF,5
IPRU2841,MF,5
IPRU2842,MF,5
IPRU2843,MF,5
IPRU2846,MF,5
IPRU2847,MF,5
IPRU2850,MF,5
IPRU2851,MF,5
IPRU2854,MF,5
IPRU2855,MF,5
IPRU2862,MF,5
IPRU2863,MF,5
IPRU2876,MF,5
IPRU2877,MF,5
IPRU2886,MF,5
IPRU2887,MF,5
IPRU2898,MF,5
IPRU2899,MF,5
IPRU2900,MF,5
IPRU2901,MF,5
IPRU2904,MF,5
IPRU2905,MF,5
IPRU2908,MF,5
IPRU2909,MF,5
IPRU2914,MF,5
IPRU2915,MF,5
IPRU2918,MF,5
IPRU2919,MF,5
IPRU2920,MF,5
IPRU2922,MF,5
IPRU2924,MF,5
IPRU2925,MF,5
IPRU2928,MF,5
IPRU2940,MF,5
IPRU2941,MF,5
IPRU2944,MF,5
IPRU2945,MF,5
IPRU2946,MF,5
IPRU2947,MF,5
IPRU8032,MF,5
IPRU8036,MF,5
IPRU8038,MF,5
IPRU8040,MF,5
IPRU8046,MF,5
IPRU8047,MF,5
IPRU8053,MF,5
IPRU8054,MF,5
IPRU8057,MF,5
IPRU8058,MF,5
IPRU8069,MF,5
IPRU8070,MF,5
IPRU8114,MF,5
IPRU8121,MF,5
IPRU8446,MF,5
IPRU8447,MF,5
IPRU8476,MF,5
IPRU8477,MF,5
IPRU8494,MF,5
IPRU8533,MF,5
IPRU8534,MF,5
IPRU8555,MF,5
IPRU8567,MF,5
IPRU8568,MF,5
IPRU8585,MF,5
IPRU8586,MF,5
IPRU8589,MF,5
IPRU8590,MF,5
IPRU8591,MF,5
IPRU8592,MF,5
IPRU8597,MF,5
IPRU8598,MF,5
IPRU8606,MF,5
IPRU8607,MF,5
IPRU8610,MF,5
IPRU8611,MF,5
IPRU8614,MF,5
IPRU8615,MF,5
IPRU8616,MF,5
IPRU8617,MF,5
IPRU8624,MF,5
IPRU8625,MF,5
IPRU8631,MF,5
IPRU8632,MF,5
IPRU8637,MF,5
IPRU8641,MF,5
IPRU8642,MF,5
IPRU8643,MF,5
IPRU8644,MF,5
IPRU8645,MF,5
IPRU8646,MF,5
IPRU8689,MF,5
IPRU8690,MF,5
IPRU8691,MF,5
IPRU8696,MF,5
IPRU8697,MF,5
IPRU8703,MF,5
IPRU8704,MF,5
IPRU8705,MF,5
IPRU8706,MF,5
IPRU8707,MF,5
IPRU8708,MF,5
IPRU8709,MF,5
IPRU8710,MF,5
IPRU8712,MF,5
IPRU8713,MF,5
IPRU8714,MF,5
IPRU8715,MF,5
IPRU8716,MF,5
IPRU8717,MF,5
IPRU8722,MF,5
IPRU8723,MF,5
IPRU8724,MF,5
IPRU8725,MF,5
IPRU8735,MF,5
IPRU8736,MF,5
IPRU8737,MF,5
IPRU8739,MF,5
IPRU8745,MF,5
IPRU8746,MF,5
IPRU8747,MF,5
IPRU8748,MF,5
IPRU8749,MF,5
IPRU8750,MF,5
IPRU8751,MF,5
IPRU8754,MF,5
IPRU8755,MF,5
IPRU8756,MF,5
IPRU8767,MF,5
IPRU8768,MF,5
IPRU8771,MF,5
IPRU8772,MF,5
IPRU8776,MF,5
IPRU8782,MF,5
IPRU8783,MF,5
IPRU8784,MF,5
IPRU8785,MF,5
IPRU8789,MF,5
IPRU8790,MF,5
IPRU8791,MF,5
IPRU8792,MF,5
IPRU8794,MF,5
IPRU8795,MF,5
IPRU8796,MF,5
IPRU8798,MF,5
IPRU8801,MF,5
IPRU8802,MF,5
IPRU8805,MF,5
IPRU8806,MF,5
IPRU8807,MF,5
IPRU8811,MF,5
IPRU8815,MF,5
IPRU8816,MF,5
IPRU8817,MF,5
IPRU8818,MF,5
IPRU8826,MF,5
IPRU8829,MF,5
IPRU8835,MF,5
IPRU8837,MF,5
IPRU8843,MF,5
IPRU8845,MF,5
IPRU8846,MF,5
IPRU8848,MF,5
IPRU8849,MF,5
IPRU8852,MF,5
IPRU8853,MF,5
IPRU8854,MF,5
IPRU8856,MF,5
IPRU8857,MF,5
IPRU8858,MF,5
IPRU8859,MF,5
IPRU8862,MF,5
IPRU8863,MF,5
IPRU8864,MF,5
IPRU8865,MF,5
IPRU8868,MF,5
IPRU8875,MF,5
IPRU8876,MF,5
IPRU8879,MF,5
IPRU8880,MF,5
IPRU8885,MF,5
IPRU8886,MF,5
IPRU8889,MF,5
IPRU8890,MF,5
IPRU8891,MF,5
IPRU8892,MF,5
IPRU8893,MF,5
IPRU8894,MF,5
IPRU8896,MF,5
IPRU8900,MF,5
IPRU8904,MF,5
IPRU8905,MF,5
IPRU8908,MF,5
IPRU8909,MF,5
IPRU8911,MF,5
IPRU8912,MF,5
IPRU8915,MF,5
IPRU8916,MF,5
IPRU8918,MF,5
IPRU8927,MF,5
IPRU8941,MF,5
IPRU8942,MF,5
IPRU8949,MF,5
IPRU8950,MF,5
IPRU8955,MF,5
IPRU8956,MF,5
IPRU8959,MF,5
IPRU8960,MF,5
IPRU8974,MF,5
IPRU8975,MF,5
IPRU8976,MF,5
IPRU8977,MF,5
IPRU8982,MF,5
IPRU8983,MF,5
IPRU8992,MF,5
IPRU8993,MF,5
IPRU8998,MF,5
IPRU8999,MF,5
IPRU9000,MF,5
IPRU9002,MF,5
IPRU9004,MF,5
IPRU9005,MF,5
IPRU9008,MF,5
IPRU9009,MF,5
IPRU9012,MF,5
IPRU9013,MF,5
IPRU9016,MF,5
IPRU9017,MF,5
IPRU9018,MF,5
IPRU9019,MF,5
IPRU9026,MF,5
IPRU9027,MF,5
IPRU9030,MF,5
IPRU9031,MF,5
IPRU9042,MF,5
IPRU9044,MF,5
IPRU9045,MF,5
IPRU9048,MF,5
IPRU9049,MF,5
IPRU9052,MF,5
IPRU9053,MF,5
IPRU9056,MF,5
IPRU9057,MF,5
IPRU9064,MF,5
IPRU9078,MF,5
IPRU9079,MF,5
IPRU9088,MF,5
IPRU9100,MF,5
IPRU9101,MF,5
IPRU9102,MF,5
IPRU9103,MF,5
IPRU9106,MF,5
IPRU9107,MF,5
IPRU9110,MF,5
IPRU9116,MF,5
IPRU9117,MF,5
IPRU9120,MF,5
IPRU9121,MF,5
IPRU9122,MF,5
IPRU9123,MF,5
IPRU9124,MF,5
IPRU9125,MF,5
IPRU9126,MF,5
IPRU9127,MF,5
IPRU9132,MF,5
IPRU9133,MF,5
IPRU9142,MF,5
IPRU9143,MF,5
IPRU9146,MF,5
IPRU9147,MF,5
IPRU9148,MF,5
IPRU9149,MF,5
IPRUIMRDP,MF,5
IPRUIPMRG,MF,5
IPRUIPQRG,MF,5
IPRUIQRDP,MF,5
IRPU2485,MF,5
IRPU2486,MF,5
IRPU8685,MF,5
IRPU8686,MF,5
ISMCSRIIRG,MF,5
IVZINA1BDG,MF,5
IVZINA1BRG,MF,5
JMFXXIVCDG,MF,5
JMFXXIVCGO,MF,5
JMFXXVADG,MF,5
JMFXXVADP,MF,5
JMFXXVAGO,MF,5
KTK171DG,MF,5
KTK171RG,MF,5
KTK173DD,MF,5
KTK173DG,MF,5
KTK173RD,MF,5
KTK173RG,MF,5
KTK175DG,MF,5
KTK175RD,MF,5
KTK175RG,MF,5
KTK176DG,MF,5
KTK176RD,MF,5
KTK176RG,MF,5
KTK178DG,MF,5
KTK178RD,MF,5
KTK178RG,MF,5
KTK179DD,MF,5
KTK179DG,MF,5
KTK179RD,MF,5
KTK179RG,MF,5
KTK180DG,MF,5
KTK180RD,MF,5
KTK180RG,MF,5
KTK181DD,MF,5
KTK181DG,MF,5
KTK181RD,MF,5
KTK181RG,MF,5
KTK182DD,MF,5
KTK182DG,MF,5
KTK182RD,MF,5
KTK182RG,MF,5
KTK183DG,MF,5
KTK183RD,MF,5
KTK183RG,MF,5
KTK185DG,MF,5
KTK185RD,MF,5
KTK185RG,MF,5
KTK186DG,MF,5
KTK186RD,MF,5
KTK186RG,MF,5
KTK187DG,MF,5
KTK187RD,MF,5
KTK187RG,MF,5
KTK189DD,MF,5
KTK189DG,MF,5
KTK189RD,MF,5
KTK189RG,MF,5
KTK190DD,MF,5
KTK190DG,MF,5
KTK190RD,MF,5
KTK190RG,MF,5
KTK191DG,MF,5
KTK191RD,MF,5
KTK191RG,MF,5
KTK192DG,MF,5
KTK192RD,MF,5
KTK192RG,MF,5
KTK193DG,MF,5
KTK193RD,MF,5
KTK193RG,MF,5
KTK194DG,MF,5
KTK194RD,MF,5
KTK194RG,MF,5
KTK196DG,MF,5
KTK196RD,MF,5
KTK196RG,MF,5
KTK199DG,MF,5
KTK199RD,MF,5
KTK199RG,MF,5
KTK200DD,MF,5
KTK200DG,MF,5
KTK200RD,MF,5
KTK200RG,MF,5
KTK202DD,MF,5
KTK202DG,MF,5
KTK202RD,MF,5
KTK202RG,MF,5
KTKQIP2DP,MF,5
KTKQIP2DR,MF,5
KTKQIP2G,MF,5
KTKQIP9DP,MF,5
KTKQIP9DR,MF,5
KTKQIP9G,MF,5
LICMFC4D,MF,5
LICMFC4G,MF,5
LICMFC4G1,MF,5
LICMFCR2D,MF,5
LICMFCR2G,MF,5
LICMFCR2G1,MF,5
LICMFER5G,MF,5
LICMFER5G1,MF,5
LICNFA1D1,MF,5
LICNFA1DP,MF,5
LICNFA1G1,MF,5
LICNFA1GP,MF,5
LICNFA2D1,MF,5
LICNFA2DP,MF,5
LICNFA2G1,MF,5
LICNFA2GP,MF,5
LICNFA3D1,MF,5
LICNFA3DP,MF,5
LICNFA3G1,MF,5
LICNFA3GP,MF,5
LICNFC3D1D,MF,5
LICNFC3DPD,MF,5
LICNFC3G1G,MF,5
LICNFC3GPG,MF,5
LICNFC5D,MF,5
LICNFC5D1,MF,5
LICNFC5G,MF,5
LICNFC5G1,MF,5
LICNFD1D,MF,5
LICNFD1D1,MF,5
LICNFD1G,MF,5
LICNFD1G1,MF,5
LICNFD2D,MF,5
LICNFD2D1,MF,5
LICNFD2G,MF,5
LICNFD2G1,MF,5
LICNFE9D,MF,5
LICNFE9G,MF,5
LICNFE9G1,MF,5
LICNFER2G,MF,5
LICNFER2G1,MF,5
LICNFER3G,MF,5
LICNFER3G1,MF,5
LICNFER6D,MF,5
LICNFER6G,MF,5
LICNFER6G1,MF,5
LICNFN0D,MF,5
LICNFN0D1,MF,5
LICNFN0G,MF,5
LICNFN0G1,MF,5
LICNFN2D,MF,5
LICNFN2G,MF,5
LICNFN2G1,MF,5
LICNFR3D,MF,5
LICNFR3D1,MF,5
LICNFR3G,MF,5
LICNFR3G1,MF,5
LTFMPXIVA1,MF,5
LTFMPXIVA2,MF,5
LTFMPXIVA3,MF,5
LTFMPXIVC1,MF,5
LTFMPXIVC2,MF,5
LTFMPXIVC3,MF,5
LTFMPXIVC4,MF,5
LTFXICD,MF,5
LTFXICDD,MF,5
LTFXICG,MF,5
LTFXICGD,MF,5
LTMDGR1095,MF,5
LTMDP1095D,MF,5
LTMFXIADD,MF,5
LTMFXIAG,MF,5
LTMFXIAGD,MF,5
LTMFXMDD,MF,5
LTMFXMG,MF,5
LTMFXMGD,MF,5
LTMFXQG,MF,5
LTMFXQGD,MF,5
LTMFXRG,MF,5
LTMFXRGD,MF,5
LTMFXSDD,MF,5
LTMFXSG,MF,5
LTMFXSGD,MF,5
LTMFXTG,MF,5
LTMFXTGD,MF,5
LTMGR1095D,MF,5
M12DD,MF,5
M12DG,MF,5
M12RD,MF,5
M12RG,MF,5
MC6DD,MF,5
MC6DG,MF,5
MC6RD,MF,5
MC6RG,MF,5
MC8DD,MF,5
MC8DG,MF,5
MC8RD,MF,5
MC8RG,MF,5
MC9DD,MF,5
MC9DG,MF,5
MC9RD,MF,5
MC9RG,MF,5
MCXDD,MF,5
MCXDG,MF,5
MCXRD,MF,5
MCXRG,MF,5
MXIDD,MF,5
MXIDG,MF,5
MXIRD,MF,5
MXIRG,MF,5
PB17DGT729,MF,5
PB17DPT729,MF,5
PB17RGT729,MF,5
PRM1QD1,MF,5
PRM1QDP,MF,5
PRM1QGP,MF,5
PRM1SD1,MF,5
PRM1SDP,MF,5
PRM1SGP,MF,5
RD,MF,5
RD366D54DD,MF,5
RD366D54DG,MF,5
RD366D54RD,MF,5
RD366D54RG,MF,5
RDAFIIICDP,MF,5
RDAFIIICGO,MF,5
RDAFIIIDPG,MF,5
RDAFIVADGO,MF,5
RDAFIVAGO,MF,5
RDAFTFIVCD,MF,5
RDAFTFIVCG,MF,5
RDAFTFVCD,MF,5
RDAFTFVCG,MF,5
RDAFTFVHD,MF,5
RDAFTFVHG,MF,5
RDAFTFVIAD,MF,5
RDAFTFVIAG,MF,5
RDAFTFVIBD,MF,5
RDAFTFVIBG,MF,5
RDAFTFVICD,MF,5
RDAFTFVICG,MF,5
RDAFTFVIDD,MF,5
RDAFTFVIDG,MF,5
RDAFTFVIED,MF,5
RDAFTFVIEG,MF,5
RDAFTFVIFD,MF,5
RDAFTFVIFG,MF,5
RDAFTIIPGD,MF,5
RDAFTIIPGG,MF,5
RDAFTIIPHD,MF,5
RDAFTIIPHG,MF,5
RDAFTIVCDD,MF,5
RDAFTIVCDG,MF,5
RDAFTVCDG,MF,5
RDAFTVHDD,MF,5
RDAFTVHDG,MF,5
RDAFTVIADD,MF,5
RDAFTVIADG,MF,5
RDAFTVIBDD,MF,5
RDAFTVIBDG,MF,5
RDAFTVICDD,MF,5
RDAFTVICDG,MF,5
RDAFTVIDDD,MF,5
RDAFTVIDDG,MF,5
RDAFTVIEDG,MF,5
RDAFTVIFDD,MF,5
RDAFTVIFDG,MF,5
RDAFVIIIAD,MF,5
RDAFVIIIAG,MF,5
RDAFVIIIAX,MF,5
RDAFVIIIAZ,MF,5
RDAFVIIIBD,MF,5
RDAFVIIIBG,MF,5
RDAFVIIIBX,MF,5
RDAFVIIIBZ,MF,5
RDAFVIIICD,MF,5
RDAFVIIICG,MF,5
RDAFVIIICX,MF,5
RDAFVIIICZ,MF,5
RDAIIIADG,MF,5
RDAIIIARD,MF,5
RDAIIIARG,MF,5
RDAIIICDDP,MF,5
RDAIXADD,MF,5
RDAIXADDD,MF,5
RDAIXADDG,MF,5
RDAIXADG,MF,5
RDAIXBCDD,MF,5
RDAIXBDD,MF,5
RDAIXBDDD,MF,5
RDAIXBDDG,MF,5
RDAIXBDG,MF,5
RDAIXCDD,MF,5
RDAIXCDDG,MF,5
RDAIXCDG,MF,5
RDAIXDD,MF,5
RDAIXDDD,MF,5
RDAIXDDG,MF,5
RDAIXDG,MF,5
RDAIXEDD,MF,5
RDAIXEDDD,MF,5
RDAIXEDDG,MF,5
RDAIXEDG,MF,5
RDAIXFDD,MF,5
RDAIXFDDD,MF,5
RDAIXFDDG,MF,5
RDAIXFDG,MF,5
RDAVIIPAD,MF,5
RDAVIIPADD,MF,5
RDAVIIPADG,MF,5
RDAVIIPAG,MF,5
RDAVIIPBD,MF,5
RDAVIIPBDD,MF,5
RDAVIIPBDG,MF,5
RDAVIIPBG,MF,5
RDAVIIPCD,MF,5
RDAVIIPCDD,MF,5
RDAVIIPCDG,MF,5
RDAVIIPCG,MF,5
RDAVIIPDD,MF,5
RDAVIIPDDD,MF,5
RDAVIIPDDG,MF,5
RDAVIIPDG,MF,5
RDAVIIPED,MF,5
RDAVIIPEDD,MF,5
RDAVIIPEDG,MF,5
RDAVIIPEG,MF,5
RDAXADD,MF,5
RDAXADDD,MF,5
RDAXADDG,MF,5
RDAXADG,MF,5
RDAXBDD,MF,5
RDAXBDDD,MF,5
RDAXBDDG,MF,5
RDAXBDG,MF,5
RDAXCDD,MF,5
RDAXCDDD,MF,5
RDAXCDDG,MF,5
RDAXCDG,MF,5
RDAXDDD,MF,5
RDAXDDDD,MF,5
RDAXDDDG,MF,5
RDAXDDG,MF,5
RDAXEDD,MF,5
RDAXEDDD,MF,5
RDAXEDDG,MF,5
RDAXEDG,MF,5
RDAXFDD,MF,5
RDAXFDDD,MF,5
RDAXFDDG,MF,5
RDAXFDG,MF,5
RDFVFDD,MF,5
RDFVFDG,MF,5
RDFVFDP,MF,5
RDFVFGO,MF,5
RE366D53DD,MF,5
RE366D53DG,MF,5
RE366D53RG,MF,5
RFHXXII24D,MF,5
RFHXXII24G,MF,5
RFHXXII30D,MF,5
RFHXXII30G,MF,5
RFHXXII32D,MF,5
RFHXXII32G,MF,5
RG,MF,5
RLDDDG,MF,5
RLDDRG,MF,5
RLDODG,MF,5
RLDORG,MF,5
RLDPDG,MF,5
RLDPRG,MF,5
RLDPRHD,MF,5
RLDSDG,MF,5
RLDSRG,MF,5
RLDSRQ,MF,5
RLDTDG,MF,5
RLDTDHD,MF,5
RLDTRG,MF,5
RLDTRHD,MF,5
RLDTRQD,MF,5
RLDUDG,MF,5
RLDURG,MF,5
RLDURQD,MF,5
RLDVDG,MF,5
RLDVRG,MF,5
RLDWDG,MF,5
RLDWRG,MF,5
RLDYDG,MF,5
RLDYDQ,MF,5
RLDYRG,MF,5
RLDYRQ,MF,5
RLDZDG,MF,5
RLDZDHD,MF,5
RLDZRG,MF,5
RLDZRHD,MF,5
RLDZRQD,MF,5
RLERDG,MF,5
RLERRG,MF,5
RLERRHD,MF,5
RLESDG,MF,5
RLESRG,MF,5
RLESRQ,MF,5
RLEUDG,MF,5
RLEURG,MF,5
RLEURHD,MF,5
RLEURQD,MF,5
RLFADG,MF,5
RLFARG,MF,5
RLFDDG,MF,5
RLFDRG,MF,5
RLFDRQD,MF,5
RLFLDG,MF,5
RLFLRG,MF,5
RLFLRHD,MF,5
RLFLRQD,MF,5
RLFMDG,MF,5
RLFMDQD,MF,5
RLFMRG,MF,5
RLFMRQD,MF,5
RLGEDG,MF,5
RLGERG,MF,5
RLGERQD,MF,5
RLGGDG,MF,5
RLGGRG,MF,5
RLGGRHD,MF,5
RMFFM24DDG,MF,5
RMFFM24DRD,MF,5
RMFFM24DRG,MF,5
RMFFM24FDG,MF,5
RMFFM24FRG,MF,5
RMFFM25ADD,MF,5
RMFFM25ADG,MF,5
RMFFM25ARD,MF,5
RMFFM25ARG,MF,5
RMFFM25CDD,MF,5
RMFFM25CDG,MF,5
RMFFM25CRD,MF,5
RMFFM25CRG,MF,5
RMFFM25DDG,MF,5
RMFFM25DRG,MF,5
RMFFM25FDG,MF,5
RMFFM25FRG,MF,5
RMFFM26ADD,MF,5
RMFFM26ADG,MF,5
RMFFM26ARD,MF,5
RMFFM26ARG,MF,5
RMFFM26CDD,MF,5
RMFFM26CDG,MF,5
RMFFM26CRD,MF,5
RMFFM26CRG,MF,5
RMFFM26EDG,MF,5
RMFFM26ERG,MF,5
RMFFM27ADG,MF,5
RMFFM27ARD,MF,5
RMFFM27ARG,MF,5
RMFFM27CDG,MF,5
RMFFM27CRG,MF,5
RMFINAIDP1,MF,5
RMFINAIDR1,MF,5
RMFINAIGG1,MF,5
RMFINARAG1,MF,5
RMFINARDP1,MF,5
RMFINARDR1,MF,5
RMFINARGG1,MF,5
RMFINQADP1,MF,5
RMFINQIDP1,MF,5
RMFINQRAG1,MF,5
RMFINQRDP1,MF,5
RMFMP22GDG,MF,5
RMFMP22HRG,MF,5
RMFMP23LDG,MF,5
RMFMP23LRG,MF,5
RMFMP23ODD,MF,5
RMFMP23ODG,MF,5
RMFMP23ORG,MF,5
RSDFSA26GD,MF,5
RSDFSA26GR,MF,5
RSDFSA27DD,MF,5
RSDFSA27DR,MF,5
RSDFSA27GD,MF,5
RSDFSA27GR,MF,5
RSDFSA28DR,MF,5
RSDFSA28GD,MF,5
RSDFSA28GR,MF,5
RSDFSA31GD,MF,5
RSDFSA31GR,MF,5
RSDFSA32DD,MF,5
RSDFSA32DR,MF,5
RSDFSA32GD,MF,5
RSDFSA32GR,MF,5
RSDFSA34DD,MF,5
RSDFSA34GD,MF,5
RSDFSA34GR,MF,5
RSDFSA35DR,MF,5
RSDFSA35GD,MF,5
RSDFSA35GR,MF,5
SC2DD,MF,5
SC2DG,MF,5
SC2RD,MF,5
SC2RG,MF,5
SC3DD,MF,5
SC3DG,MF,5
SC3RD,MF,5
SC3RG,MF,5
SC4DD,MF,5
SC4DG,MF,5
SC4RD,MF,5
SC4RG,MF,5
SCPOF120,MF,5
SCPOF121,MF,5
SDAFIIDD,MF,5
SDAFIIDR,MF,5
SDAFIIGD,MF,5
SDAFIIGR,MF,5
SDAFIIIDD,MF,5
SDAFIIIDR,MF,5
SDAFIIIGD,MF,5
SDAFIIIGR,MF,5
SDAFIXDD,MF,5
SDAFIXDR,MF,5
SDAFIXGD,MF,5
SDAFIXGR,MF,5
SDAFVIIDD,MF,5
SDAFVIIDR,MF,5
SDAFVIIGD,MF,5
SDAFVIIGR,MF,5
SDAFVIIIDD,MF,5
SDAFVIIIDR,MF,5
SDAFVIIIGD,MF,5
SDAFVIIIGR,MF,5
SDAFXIXDD,MF,5
SDAFXIXDR,MF,5
SDAFXIXGD,MF,5
SDAFXIXGR,MF,5
SDFA38DD,MF,5
SDFA38DR,MF,5
SDFA38GD,MF,5
SDFA38GR,MF,5
SDFSA33DD,MF,5
SDFSA33DR,MF,5
SDFSA33GD,MF,5
SDFSA33GR,MF,5
SDFSA36DD,MF,5
SDFSA36DR,MF,5
SDFSA36GD,MF,5
SDFSA36GR,MF,5
SDFSA39DD,MF,5
SDFSA39DR,MF,5
SDFSA39GD,MF,5
SDFSA39GR,MF,5
SDFSA40DR,MF,5
SDFSA40GD,MF,5
SDFSA40GR,MF,5
SDFSA42DR,MF,5
SDFSA42GD,MF,5
SDFSA42GR,MF,5
SDFSA43DD,MF,5
SDFSA43DR,MF,5
SDFSA43GD,MF,5
SDFSA43GR,MF,5
SDFSA44DD,MF,5
SDFSA44DR,MF,5
SDFSA44GD,MF,5
SDFSA44GR,MF,5
SDFSB16DD,MF,5
SDFSB16DR,MF,5
SDFSB16GD,MF,5
SDFSB16GR,MF,5
SDFSB17DD,MF,5
SDFSB17DR,MF,5
SDFSB17GD,MF,5
SDFSB17GR,MF,5
SDFSB18DD,MF,5
SDFSB18DR,MF,5
SDFSB18GD,MF,5
SDFSB18GR,MF,5
SDFSB19DD,MF,5
SDFSB19DR,MF,5
SDFSB19GD,MF,5
SDFSB19GR,MF,5
SDFSB20DD,MF,5
SDFSB20DR,MF,5
SDFSB20GD,MF,5
SDFSB20GR,MF,5
SDFSB31DD,MF,5
SDFSB31DR,MF,5
SDFSB31GD,MF,5
SDFSB31GR,MF,5
SDFSB33DD,MF,5
SDFSB33DR,MF,5
SDFSB33GD,MF,5
SDFSB33GR,MF,5
SDFSB34DD,MF,5
SDFSB34DR,MF,5
SDFSB34GD,MF,5
SDFSB34GR,MF,5
SDFSB35DD,MF,5
SDFSB35DR,MF,5
SDFSB35GD,MF,5
SDFSB35GR,MF,5
SDFSB36DD,MF,5
SDFSB36DR,MF,5
SDFSB36GD,MF,5
SDFSB36GR,MF,5
SDFSB46DD,MF,5
SDFSB46DR,MF,5
SDFSB46GD,MF,5
SDFSB46GR,MF,5
SDFSB49DD,MF,5
SDFSB49DR,MF,5
SDFSB49GD,MF,5
SDFSB49GR,MF,5
SEOFIVDD,MF,5
SEOFIVDR,MF,5
SEOFIVGD,MF,5
SEOFIVGR,MF,5
SFTP58,MF,5
SFTP59,MF,5
SFTP62,MF,5
SFTP63,MF,5
SFTP64,MF,5
SFTP65,MF,5
SFTP66,MF,5
SFTP67,MF,5
SFTP78,MF,5
SFTP79,MF,5
SFTPEUDG,MF,5
SFTPEURG,MF,5
SFTPEURHD,MF,5
SFTPEURQD,MF,5
SFTPEXDG,MF,5
SFTPEXRG,MF,5
SFTPEXRHD,MF,5
SFTPEXRQD,MF,5
SM545,MF,5
SM546,MF,5
SM547,MF,5
SM548,MF,5
SMCSRIDD,MF,5
SMCSRIDG,MF,5
SMCSRIIDD,MF,5
SMCSRIIDG,MF,5
SMCSRIIIDD,MF,5
SMCSRIIIDG,MF,5
SMCSRIIIRD,MF,5
SMCSRIIIRG,MF,5
SMCSRIIRD,MF,5
SMCSRIRD,MF,5
SMCSRIRG,MF,5
SMCSRIVDD,MF,5
SMCSRIVDG,MF,5
SMCSRIVRD,MF,5
SMCSRIVRG,MF,5
SMCSRVDD,MF,5
SMCSRVDG,MF,5
SMCSRVIDD,MF,5
SMCSRVIDG,MF,5
SMCSRVIRD,MF,5
SMCSRVIRG,MF,5
SMCSRVRD,MF,5
SMCSRVRG,MF,5
SMF541,MF,5
SMF542,MF,5
SMF543,MF,5
SMF544,MF,5
SMFDDDD,MF,5
SMFDDDG,MF,5
SMFDDRD,MF,5
SMFDDRG,MF,5
SMFDFDD,MF,5
SMFDFDG,MF,5
SMFDFRD,MF,5
SMFDFRG,MF,5
SMFDHDG,MF,5
SMFDHRD,MF,5
SMFDHRG,MF,5
SMFDIDG,MF,5
SMFDIRD,MF,5
SMFDIRG,MF,5
SMFDPDG,MF,5
SMFDPRG,MF,5
SMFDPRHD,MF,5
SMFDPRQD,MF,5
SMFDZDG,MF,5
SMFDZDHD,MF,5
SMFDZDQD,MF,5
SMFDZRG,MF,5
SMFDZRHD,MF,5
SMFDZRQD,MF,5
SMFERDG,MF,5
SMFERDQD,MF,5
SMFERRG,MF,5
SMFERRHD,MF,5
SMFERRQD,MF,5
SMFESDG,MF,5
SMFESDQD,MF,5
SMFESRG,MF,5
SMFESRHD,MF,5
SMFESRQD,MF,5
SMFEYDG,MF,5
SMFEYDQD,MF,5
SMFEYRG,MF,5
SMFFADG,MF,5
SMFFARG,MF,5
SMFFBDG,MF,5
SMFFBRG,MF,5
SMFFBRQD,MF,5
SMFFDDG,MF,5
SMFFDDHD,MF,5
SMFFDRG,MF,5
SMFFDRHD,MF,5
SMFFDRQD,MF,5
SMFFFDG,MF,5
SMFFFRG,MF,5
SMFFIDG,MF,5
SMFFIDHD,MF,5
SMFFIDQD,MF,5
SMFFIRG,MF,5
SMFFIRQD,MF,5
SMFFJDG,MF,5
SMFFJDHD,MF,5
SMFFJRG,MF,5
SMFFJRQD,MF,5
SMFGEDG,MF,5
SMFGERG,MF,5
SMFGERHD,MF,5
SMFGERQD,MF,5
SQIFADD,MF,5
SQIFADG,MF,5
SQIFBDD,MF,5
SQIFBDG,MF,5
SQIFEDD,MF,5
SQIFEDG,MF,5
T4DD,MF,5
T4DG,MF,5
T4RD,MF,5
T4RG,MF,5
T5DD,MF,5
T5DG,MF,5
T5RD,MF,5
T5RG,MF,5
T6DD,MF,5
T6DG,MF,5
T6RD,MF,5
T6RG,MF,5
T7DD,MF,5
T7DG,MF,5
T7RD,MF,5
T7RG,MF,5
UDAIPIGIII,MF,5
UDAIPIPIII,MF,5
UDAPXVIII2,MF,5
UDGRXVII15,MF,5
UDGRXVIII2,MF,5
UDQPXVII15,MF,5
UDQRXVIII2,MF,5
UFDAIPIGII,MF,5
UFDAIPIGIV,MF,5
UFDAIPIPII,MF,5
UFDAIPIPIV,MF,5
UFDAIPIRIV,MF,5
UFDAP23P11,MF,5
UFDAP23P12,MF,5
UFDAP23P13,MF,5
UFDAP23P14,MF,5
UFDAP24P12,MF,5
UFDAP24P13,MF,5
UFDAP24P15,MF,5
UFDAP24P17,MF,5
UFDAP24PXI,MF,5
UFDFP23P14,MF,5
UFDGR23P11,MF,5
UFDGR23P12,MF,5
UFDGR23P13,MF,5
UFDGR23P14,MF,5
UFDGR23P15,MF,5
UFDGR24P12,MF,5
UFDGR24P13,MF,5
UFDGR24P14,MF,5
UFDGR24P15,MF,5
UFDGR24P17,MF,5
UFDGR24PXI,MF,5
UFDHIPIGII,MF,5
UFDMIPIGII,MF,5
UFDMIPIRII,MF,5
UFDMP23P12,MF,5
UFDMP23P13,MF,5
UFDMP23P14,MF,5
UFDMP24P12,MF,5
UFDMP24P13,MF,5
UFDMP24P14,MF,5
UFDMP24P15,MF,5
UFDMP24P17,MF,5
UFDMP24PXI,MF,5
UFDQIPIGVI,MF,5
UFDQIPIPVI,MF,5
UFDQIPIRVI,MF,5
UFDQP23P12,MF,5
UFDQP23P13,MF,5
UFDQP23P14,MF,5
UFDQP24P12,MF,5
UFDQP24P13,MF,5
UFDQP24P14,MF,5
UFDQP24P15,MF,5
UFDQP24P17,MF,5
UFDQP24PXI,MF,5
UFDS2QPIG5,MF,5
UFDS2QPIP5,MF,5
UFDS2QPIP7,MF,5
UFDS2QPIR5,MF,5
UFDS2QPRP7,MF,5
UFIAIPIGII,MF,5
UFIAIPIGIV,MF,5
UFIAIPRGII,MF,5
UFIAIPRGIV,MF,5
UFIAIPRPII,MF,5
UFIAIPRPIV,MF,5
UFIAIPRRII,MF,5
UFIAIPRRIV,MF,5
UFIHIPRGII,MF,5
UFIHIPRPII,MF,5
UFIHIPRRII,MF,5
UFIMIPRGII,MF,5
UFIMIPRPII,MF,5
UFIMIPRRII,MF,5
UFIQIPRGVI,MF,5
UFIQIPRPVI,MF,5
UFIQIPRRVI,MF,5
UFIS2QPRG5,MF,5
UFIS2QPRG7,MF,5
UFIS2QPRP5,MF,5
UFIS2QPRP7,MF,5
UFIS2QPRR5,MF,5
UFIS2QPRR7,MF,5
UFRAP23P11,MF,5
UFRAP23P12,MF,5
UFRAP23P13,MF,5
UFRAP23P14,MF,5
UFRAP24P12,MF,5
UFRAP24P13,MF,5
UFRAP24P14,MF,5
UFRAP24P15,MF,5
UFRAP24P17,MF,5
UFRAP24PXI,MF,5
UFRFP23P12,MF,5
UFRFP24P12,MF,5
UFRFP24P13,MF,5
UFRFP24P14,MF,5
UFRFP24P15,MF,5
UFRFP24P17,MF,5
UFRGR23P11,MF,5
UFRGR23P12,MF,5
UFRGR23P13,MF,5
UFRGR23P14,MF,5
UFRGR23P15,MF,5
UFRGR24P12,MF,5
UFRGR24P13,MF,5
UFRGR24P14,MF,5
UFRGR24P15,MF,5
UFRGR24P17,MF,5
UFRGR24PXI,MF,5
UFRMP23P13,MF,5
UFRMP23P14,MF,5
UFRMP24P12,MF,5
UFRMP24P13,MF,5
UFRMP24P14,MF,5
UFRMP24P15,MF,5
UFRMP24P17,MF,5
UFRMP24PXI,MF,5
UFRQP23P12,MF,5
UFRQP23P13,MF,5
UFRQP23P14,MF,5
UFRQP24P12,MF,5
UFRQP24P13,MF,5
UFRQP24P14,MF,5
UFRQP24P15,MF,5
UFRQP24P17,MF,5
UFRQP24PXI,MF,5
UFTDAP15P2,MF,5
UFTDAR15P2,MF,5
UFTDGR15P2,MF,5
UFTDMD15P2,MF,5
UFTDQP15P2,MF,5
UFTDQR15P2,MF,5
UFTFAP15P2,MF,5
UFTFAR15P2,MF,5
UFTFGR15P2,MF,5
UFTFMD15P2,MF,5
UFTFQP15P2,MF,5
UIAIPIGIII,MF,5
UIAIPRGIII,MF,5
UIAIPRPIII,MF,5
UIAIPRRIII,MF,5
UKBCCP6DDP,MF,5
UKBCCP6DG,MF,5
UKBCCP6RG,MF,5
UKBCTF2GD,MF,5
UKBCTF2GR,MF,5
UNNCP7DDP,MF,5
UNNCP7DG,MF,5
UNNCP7RDP,MF,5
UNNCP7RG,MF,5
UR2DGR17PX,MF,5
UR2LGR17PX,MF,5
URAPXVII15,MF,5
URAPXVIII2,MF,5
URARXVII15,MF,5
URARXVIII2,MF,5
URDAP17P12,MF,5
URDAP18P10,MF,5
URDGR17P12,MF,5
URDGR17P13,MF,5
URDGR17P18,MF,5
URDGR18P10,MF,5
URDGR18P12,MF,5
URDGR18P13,MF,5
URDGR19P10,MF,5
URDGR19P11,MF,5
URDGR19P12,MF,5
URDMD18P12,MF,5
URDMD18P13,MF,5
URDMP19P11,MF,5
URDQP18P13,MF,5
URFPXVII15,MF,5
URFPXVIII2,MF,5
URFRXVIII2,MF,5
URGRXVII15,MF,5
URGRXVIII2,MF,5
URLAP18P10,MF,5
URLAR18P13,MF,5
URLGR17P12,MF,5
URLGR17P13,MF,5
URLGR18P10,MF,5
URLGR18P12,MF,5
URLGR18P13,MF,5
URLQP18P10,MF,5
URMDXVII15,MF,5
URMPXVIII2,MF,5
URODAP18P9,MF,5
URODAPXIX9,MF,5
URODAR18P5,MF,5
URODAR18P9,MF,5
URODARXIX1,MF,5
URODFR17P9,MF,5
URODGR16P8,MF,5
URODGR1714,MF,5
URODGR1716,MF,5
URODGR17P9,MF,5
URODGR1814,MF,5
URODGR1815,MF,5
URODGR18P5,MF,5
URODGR18P9,MF,5
URODGRXIX1,MF,5
URODGRXIX2,MF,5
URODGRXIX3,MF,5
URODGRXIX4,MF,5
URODGRXIX6,MF,5
URODGRXIX8,MF,5
URODGRXIX9,MF,5
URODMPXIX4,MF,5
URODMPXIX6,MF,5
URODQR17P9,MF,5
UROLGR16P8,MF,5
UROLGR1714,MF,5
UROLGR1716,MF,5
UROLGR17P9,MF,5
UROLGR18P5,MF,5
UROLQP17P9,MF,5
URORAP1814,MF,5
URORAP1815,MF,5
URORAPXIX3,MF,5
URORAPXIX4,MF,5
URORAPXIX9,MF,5
URORFPXIX4,MF,5
URORGR1814,MF,5
URORGR1815,MF,5
URORGR18P9,MF,5
URORGRXIX1,MF,5
URORGRXIX2,MF,5
URORGRXIX3,MF,5
URORGRXIX4,MF,5
URORGRXIX6,MF,5
URORGRXIX8,MF,5
URORGRXIX9,MF,5
URORMP18P9,MF,5
URORMPXIX1,MF,5
URORMPXIX6,MF,5
URORMPXIX8,MF,5
URORMPXIX9,MF,5
URORQP1814,MF,5
URORQP1815,MF,5
URORQP18P9,MF,5
URORQPXIX4,MF,5
URQPXVII15,MF,5
URQPXVIII2,MF,5
URQRXVII15,MF,5
URQRXVIII2,MF,5
URRAP19P10,MF,5
URRAP19P11,MF,5
URRAP19P12,MF,5
URRAR19P12,MF,5
URRGR17P18,MF,5
URRGR19P10,MF,5
URRGR19P11,MF,5
URRGR19P12,MF,5
URRQP17P18,MF,5
URRQP19P10,MF,5
UTCPOD5DP1,MF,5
UTCPOD5DP2,MF,5
UTCPOD5GR1,MF,5
UTCPOD5GR2,MF,5
UTCPOD6DP1,MF,5
UTCPOD6DP2,MF,5
UTCPOD6DP3,MF,5
UTCPOD6GR1,MF,5
UTCPOD6GR2,MF,5
UTCPOD6GR3,MF,5
UTCPOD7DP1,MF,5
UTCPOD7DP2,MF,5
UTCPOD7DP3,MF,5
UTCPOD7DP4,MF,5
UTCPOD7DP5,MF,5
UTCPOD7GR1,MF,5
UTCPOD7GR2,MF,5
UTCPOD7GR3,MF,5
UTCPOD7GR4,MF,5
UTCPOD7GR5,MF,5
UTCPOD8DP1,MF,5
UTCPOD8DP2,MF,5
UTCPOD8DP3,MF,5
UTCPOD8DP4,MF,5
UTCPOD8GR1,MF,5
UTCPOD8GR2,MF,5
UTCPOD8GR3,MF,5
UTCPOD8GR4,MF,5
UTCPOR5DP1,MF,5
UTCPOR5DP2,MF,5
UTCPOR5GR1,MF,5
UTCPOR5GR2,MF,5
UTCPOR6DP1,MF,5
UTCPOR6DP2,MF,5
UTCPOR6DP3,MF,5
UTCPOR6GR1,MF,5
UTCPOR6GR2,MF,5
UTCPOR6GR3,MF,5
UTCPOR7DP1,MF,5
UTCPOR7DP2,MF,5
UTCPOR7DP3,MF,5
UTCPOR7DP4,MF,5
UTCPOR7DP5,MF,5
UTCPOR7GR1,MF,5
UTCPOR7GR2,MF,5
UTCPOR7GR3,MF,5
UTCPOR7GR4,MF,5
UTCPOR7GR5,MF,5
UTCPOR8DP1,MF,5
UTCPOR8DP2,MF,5
UTCPOR8DP3,MF,5
UTCPOR8DP4,MF,5
UTCPOR8GR1,MF,5
UTCPOR8GR2,MF,5
UTCPOR8GR3,MF,5
UTCPOR8GR4,MF,5
UTCPOSDDP1,MF,5
UTCPOSDDP2,MF,5
UTCPOSDDP3,MF,5
UTCPOSDGR1,MF,5
UTCPOSDGR2,MF,5
UTCPOSDGR3,MF,5
UTCPOSRDP1,MF,5
UTCPOSRDP2,MF,5
UTCPOSRDP3,MF,5
UTCPOSRGR1,MF,5
UTCPOSRGR2,MF,5
UTCPOSRGR3,MF,5
UTDAP22P12,MF,5
UTDAP22P13,MF,5
UTDAP25P12,MF,5
UTDAP25PXI,MF,5
UTDAP26P11,MF,5
UTDAPXIX15,MF,5
UTDAPXXI11,MF,5
UTDAPXXI12,MF,5
UTDAPXXI14,MF,5
UTDAPXXI15,MF,5
UTDARXIX15,MF,5
UTDARXIX18,MF,5
UTDARXIX19,MF,5
UTDFP25PXI,MF,5
UTDFP26P11,MF,5
UTDGR22P12,MF,5
UTDGR22P13,MF,5
UTDGR22P14,MF,5
UTDGR22P15,MF,5
UTDGR25P12,MF,5
UTDGR25PXI,MF,5
UTDGR26P11,MF,5
UTDGRXIX15,MF,5
UTDGRXIX18,MF,5
UTDGRXIX19,MF,5
UTDGRXIX20,MF,5
UTDGRXXI11,MF,5
UTDGRXXI12,MF,5
UTDGRXXI14,MF,5
UTDGRXXI15,MF,5
UTDMP22P13,MF,5
UTDMP22P15,MF,5
UTDMP25P12,MF,5
UTDMP25PXI,MF,5
UTDMP26P11,MF,5
UTDMPXXI14,MF,5
UTDMPXXI15,MF,5
UTDQP22P12,MF,5
UTDQP22P13,MF,5
UTDQP25P12,MF,5
UTDQP25PXI,MF,5
UTDQP26P11,MF,5
UTDQPXIX15,MF,5
UTDQPXIX18,MF,5
UTDQPXIX19,MF,5
UTDQPXXI14,MF,5
UTDQPXXI15,MF,5
UTDQRXIX18,MF,5
UTFDAIPIGI,MF,5
UTFDAIPIPI,MF,5
UTFDAP22P1,MF,5
UTFDAP22P2,MF,5
UTFDAP22P3,MF,5
UTFDAP22P4,MF,5
UTFDAP22P5,MF,5
UTFDAP22P6,MF,5
UTFDAP22P8,MF,5
UTFDAP23P1,MF,5
UTFDAP23P2,MF,5
UTFDAP23P4,MF,5
UTFDAP23P5,MF,5
UTFDAP23P8,MF,5
UTFDAP23P9,MF,5
UTFDAP23PX,MF,5
UTFDAP24PX,MF,5
UTFDAP25P1,MF,5
UTFDAP25P2,MF,5
UTFDAP25P3,MF,5
UTFDAP25P4,MF,5
UTFDAP25P6,MF,5
UTFDAP25P7,MF,5
UTFDAP25P8,MF,5
UTFDAP25P9,MF,5
UTFDAP25PX,MF,5
UTFDFP23P1,MF,5
UTFDFP23PX,MF,5
UTFDFP25P2,MF,5
UTFDFP25P3,MF,5
UTFDFP25P7,MF,5
UTFDGR22P1,MF,5
UTFDGR22P2,MF,5
UTFDGR22P3,MF,5
UTFDGR22P4,MF,5
UTFDGR22P5,MF,5
UTFDGR22P6,MF,5
UTFDGR22P7,MF,5
UTFDGR22P8,MF,5
UTFDGR22P9,MF,5
UTFDGR22PX,MF,5
UTFDGR23P1,MF,5
UTFDGR23P2,MF,5
UTFDGR23P3,MF,5
UTFDGR23P4,MF,5
UTFDGR23P5,MF,5
UTFDGR23P6,MF,5
UTFDGR23P7,MF,5
UTFDGR23P8,MF,5
UTFDGR23P9,MF,5
UTFDGR23PX,MF,5
UTFDGR24P2,MF,5
UTFDGR24P5,MF,5
UTFDGR24P6,MF,5
UTFDGR24P7,MF,5
UTFDGR24P8,MF,5
UTFDGR24P9,MF,5
UTFDGR24PX,MF,5
UTFDGR25P1,MF,5
UTFDGR25P2,MF,5
UTFDGR25P3,MF,5
UTFDGR25P4,MF,5
UTFDGR25P5,MF,5
UTFDGR25P6,MF,5
UTFDGR25P7,MF,5
UTFDGR25P8,MF,5
UTFDGR25P9,MF,5
UTFDGR25PX,MF,5
UTFDHIPIGI,MF,5
UTFDMP22P1,MF,5
UTFDMP22P2,MF,5
UTFDMP22P3,MF,5
UTFDMP22P4,MF,5
UTFDMP22P8,MF,5
UTFDMP23P1,MF,5
UTFDMP23P2,MF,5
UTFDMP23P4,MF,5
UTFDMP23P6,MF,5
UTFDMP23P8,MF,5
UTFDMP23P9,MF,5
UTFDMP23PX,MF,5
UTFDMP24P2,MF,5
UTFDMP24P5,MF,5
UTFDMP24P8,MF,5
UTFDMP24PX,MF,5
UTFDMP25P1,MF,5
UTFDMP25P2,MF,5
UTFDMP25P3,MF,5
UTFDMP25P4,MF,5
UTFDMP25P5,MF,5
UTFDMP25P6,MF,5
UTFDMP25P7,MF,5
UTFDMP25P8,MF,5
UTFDMP25P9,MF,5
UTFDQIPIGI,MF,5
UTFDQIPIPI,MF,5
UTFDQIPIRI,MF,5
UTFDQP22P1,MF,5
UTFDQP22P2,MF,5
UTFDQP22P3,MF,5
UTFDQP22P4,MF,5
UTFDQP22P5,MF,5
UTFDQP22P7,MF,5
UTFDQP22P8,MF,5
UTFDQP23P1,MF,5
UTFDQP23P2,MF,5
UTFDQP23P4,MF,5
UTFDQP23P5,MF,5
UTFDQP23P6,MF,5
UTFDQP23P8,MF,5
UTFDQP23P9,MF,5
UTFDQP23PX,MF,5
UTFDQP24P5,MF,5
UTFDQP24PX,MF,5
UTFDQP25P1,MF,5
UTFDQP25P2,MF,5
UTFDQP25P3,MF,5
UTFDQP25P4,MF,5
UTFDQP25P5,MF,5
UTFDQP25P6,MF,5
UTFDQP25P7,MF,5
UTFDQP25P8,MF,5
UTFDQP25P9,MF,5
UTFDQP25PX,MF,5
UTFIAIPIGI,MF,5
UTFIAIPRGI,MF,5
UTFIAIPRPI,MF,5
UTFIAIPRRI,MF,5
UTFIHIPRGI,MF,5
UTFIHIPRPI,MF,5
UTFIHIPRRI,MF,5
UTFIQIPRGI,MF,5
UTFIQIPRPI,MF,5
UTFIQIPRRI,MF,5
UTFRAP22P1,MF,5
UTFRAP22P2,MF,5
UTFRAP22P3,MF,5
UTFRAP22P4,MF,5
UTFRAP22P5,MF,5
UTFRAP22P6,MF,5
UTFRAP22P7,MF,5
UTFRAP22P8,MF,5
UTFRAP23P1,MF,5
UTFRAP23P2,MF,5
UTFRAP23P4,MF,5
UTFRAP23P5,MF,5
UTFRAP23P6,MF,5
UTFRAP23P8,MF,5
UTFRAP23P9,MF,5
UTFRAP23PX,MF,5
UTFRAP24P5,MF,5
UTFRAP24PX,MF,5
UTFRAP25P1,MF,5
UTFRAP25P2,MF,5
UTFRAP25P3,MF,5
UTFRAP25P4,MF,5
UTFRAP25P6,MF,5
UTFRAP25P7,MF,5
UTFRAP25P8,MF,5
UTFRAP25P9,MF,5
UTFRAP25PX,MF,5
UTFRFP22P1,MF,5
UTFRFP22P2,MF,5
UTFRFP22P3,MF,5
UTFRFP22P5,MF,5
UTFRFP22P6,MF,5
UTFRFP22P7,MF,5
UTFRFP23P1,MF,5
UTFRFP23P2,MF,5
UTFRFP23P6,MF,5
UTFRFP23P8,MF,5
UTFRFP23P9,MF,5
UTFRFP24P2,MF,5
UTFRFP25P1,MF,5
UTFRFP25P2,MF,5
UTFRFP25P3,MF,5
UTFRFP25P4,MF,5
UTFRFP25P5,MF,5
UTFRFP25P7,MF,5
UTFRFP25P8,MF,5
UTFRFP25P9,MF,5
UTFRFP25PX,MF,5
UTFRGR22P1,MF,5
UTFRGR22P2,MF,5
UTFRGR22P3,MF,5
UTFRGR22P4,MF,5
UTFRGR22P5,MF,5
UTFRGR22P6,MF,5
UTFRGR22P7,MF,5
UTFRGR22P8,MF,5
UTFRGR22P9,MF,5
UTFRGR22PX,MF,5
UTFRGR23P1,MF,5
UTFRGR23P2,MF,5
UTFRGR23P3,MF,5
UTFRGR23P4,MF,5
UTFRGR23P5,MF,5
UTFRGR23P6,MF,5
UTFRGR23P7,MF,5
UTFRGR23P8,MF,5
UTFRGR23P9,MF,5
UTFRGR23PX,MF,5
UTFRGR24P2,MF,5
UTFRGR24P5,MF,5
UTFRGR24P6,MF,5
UTFRGR24P7,MF,5
UTFRGR24P8,MF,5
UTFRGR24P9,MF,5
UTFRGR24PX,MF,5
UTFRGR25P1,MF,5
UTFRGR25P2,MF,5
UTFRGR25P3,MF,5
UTFRGR25P4,MF,5
UTFRGR25P5,MF,5
UTFRGR25P6,MF,5
UTFRGR25P7,MF,5
UTFRGR25P8,MF,5
UTFRGR25P9,MF,5
UTFRGR25PX,MF,5
UTFRMP22P1,MF,5
UTFRMP22P2,MF,5
UTFRMP22P3,MF,5
UTFRMP22P4,MF,5
UTFRMP22P6,MF,5
UTFRMP22P7,MF,5
UTFRMP22P8,MF,5
UTFRMP22P9,MF,5
UTFRMP23P1,MF,5
UTFRMP23P2,MF,5
UTFRMP23P4,MF,5
UTFRMP23P5,MF,5
UTFRMP23P8,MF,5
UTFRMP23P9,MF,5
UTFRMP23PX,MF,5
UTFRMP24P5,MF,5
UTFRMP25P1,MF,5
UTFRMP25P2,MF,5
UTFRMP25P3,MF,5
UTFRMP25P4,MF,5
UTFRMP25P6,MF,5
UTFRMP25P7,MF,5
UTFRMP25P8,MF,5
UTFRMP25P9,MF,5
UTFRMP25PX,MF,5
UTFRQP22P1,MF,5
UTFRQP22P2,MF,5
UTFRQP22P3,MF,5
UTFRQP22P4,MF,5
UTFRQP22P5,MF,5
UTFRQP22P6,MF,5
UTFRQP22P7,MF,5
UTFRQP22P8,MF,5
UTFRQP22P9,MF,5
UTFRQP23P1,MF,5
UTFRQP23P2,MF,5
UTFRQP23P4,MF,5
UTFRQP23P5,MF,5
UTFRQP23P6,MF,5
UTFRQP23P8,MF,5
UTFRQP23P9,MF,5
UTFRQP23PX,MF,5
UTFRQP24P2,MF,5
UTFRQP24P5,MF,5
UTFRQP24PX,MF,5
UTFRQP25P1,MF,5
UTFRQP25P2,MF,5
UTFRQP25P3,MF,5
UTFRQP25P4,MF,5
UTFRQP25P5,MF,5
UTFRQP25P6,MF,5
UTFRQP25P7,MF,5
UTFRQP25P8,MF,5
UTFRQP25P9,MF,5
UTFRQP25PX,MF,5
UTIDAP18XI,MF,5
UTIDAP26P1,MF,5
UTIDAP26P2,MF,5
UTIDAP26P5,MF,5
UTIDAP26P6,MF,5
UTIDAP26P7,MF,5
UTIDAP26P8,MF,5
UTIDAP26P9,MF,5
UTIDAP26PX,MF,5
UTIDAPXX11,MF,5
UTIDAPXX12,MF,5
UTIDAPXX16,MF,5
UTIDAPXX17,MF,5
UTIDAPXXI8,MF,5
UTIDAPXXIX,MF,5
UTIDAR18XI,MF,5
UTIDARXIX5,MF,5
UTIDARXX12,MF,5
UTIDARXX16,MF,5
UTIDFP26P1,MF,5
UTIDFP26P2,MF,5
UTIDFP26P5,MF,5
UTIDFP26P8,MF,5
UTIDFP26PX,MF,5
UTIDFPXX16,MF,5
UTIDGR18XI,MF,5
UTIDGR26P1,MF,5
UTIDGR26P2,MF,5
UTIDGR26P3,MF,5
UTIDGR26P5,MF,5
UTIDGR26P6,MF,5
UTIDGR26P7,MF,5
UTIDGR26P8,MF,5
UTIDGR26P9,MF,5
UTIDGR26PX,MF,5
UTIDGRXIX5,MF,5
UTIDGRXIX7,MF,5
UTIDGRXX11,MF,5
UTIDGRXX12,MF,5
UTIDGRXX16,MF,5
UTIDGRXX17,MF,5
UTIDGRXXI8,MF,5
UTIDGRXXIX,MF,5
UTIDMP26P1,MF,5
UTIDMP26P2,MF,5
UTIDMP26P5,MF,5
UTIDMP26P6,MF,5
UTIDMP26P7,MF,5
UTIDMP26P8,MF,5
UTIDMP26P9,MF,5
UTIDMP26PX,MF,5
UTIDMPXIX5,MF,5
UTIDMPXIX7,MF,5
UTIDMPXX11,MF,5
UTIDMPXX12,MF,5
UTIDMPXX16,MF,5
UTIDQP18XI,MF,5
UTIDQP26P1,MF,5
UTIDQP26P2,MF,5
UTIDQP26P3,MF,5
UTIDQP26P5,MF,5
UTIDQP26P6,MF,5
UTIDQP26P7,MF,5
UTIDQP26P8,MF,5
UTIDQP26P9,MF,5
UTIDQP26PX,MF,5
UTIDQPXIX5,MF,5
UTIDQPXIX7,MF,5
UTIDQPXX11,MF,5
UTIDQPXX16,MF,5
UTIDQPXXIX,MF,5
UTIDQR18XI,MF,5
UTIDQRXX12,MF,5
UTIFDAP212,MF,5
UTIFDAP213,MF,5
UTIFDAP214,MF,5
UTIFDAP217,MF,5
UTIFDAP21I,MF,5
UTIFDAPXX3,MF,5
UTIFDAPXX5,MF,5
UTIFDAPXX6,MF,5
UTIFDAPXX9,MF,5
UTIFDAR20X,MF,5
UTIFDARXX2,MF,5
UTIFDARXX5,MF,5
UTIFDARXX9,MF,5
UTIFDFPXX5,MF,5
UTIFDGR20X,MF,5
UTIFDGR212,MF,5
UTIFDGR213,MF,5
UTIFDGR214,MF,5
UTIFDGR216,MF,5
UTIFDGR217,MF,5
UTIFDGR21I,MF,5
UTIFDGRXX2,MF,5
UTIFDGRXX3,MF,5
UTIFDGRXX5,MF,5
UTIFDGRXX6,MF,5
UTIFDGRXX7,MF,5
UTIFDGRXX8,MF,5
UTIFDGRXX9,MF,5
UTIFDGRXXI,MF,5
UTIFDMP213,MF,5
UTIFDMP214,MF,5
UTIFDMP216,MF,5
UTIFDMPXX2,MF,5
UTIFDMPXX5,MF,5
UTIFDMPXX6,MF,5
UTIFDMPXX9,MF,5
UTIFDQP212,MF,5
UTIFDQP214,MF,5
UTIFDQP216,MF,5
UTIFDQP21I,MF,5
UTIFDQPXX2,MF,5
UTIFDQPXX5,MF,5
UTIFDQPXX6,MF,5
UTIFDQPXX9,MF,5
UTIFDQPXXI,MF,5
UTIFDQRXX6,MF,5
UTIFEFDDP1,MF,5
UTIFEFDDP2,MF,5
UTIFEFDGR1,MF,5
UTIFEFDGR2,MF,5
UTIFEFRDP1,MF,5
UTIFEFRDP2,MF,5
UTIFEFRGR1,MF,5
UTIFEFRGR2,MF,5
UTIFRAP212,MF,5
UTIFRAP213,MF,5
UTIFRAP214,MF,5
UTIFRAP216,MF,5
UTIFRAP217,MF,5
UTIFRAP21I,MF,5
UTIFRAPXX2,MF,5
UTIFRAPXX3,MF,5
UTIFRAPXX5,MF,5
UTIFRAPXX6,MF,5
UTIFRAPXX7,MF,5
UTIFRAPXX9,MF,5
UTIFRAPXXI,MF,5
UTIFRARXX3,MF,5
UTIFRARXX6,MF,5
UTIFRARXX7,MF,5
UTIFRARXX9,MF,5
UTIFRARXXI,MF,5
UTIFRFP212,MF,5
UTIFRFP214,MF,5
UTIFRFP216,MF,5
UTIFRFP21I,MF,5
UTIFRFPXX3,MF,5
UTIFRFPXX5,MF,5
UTIFRFRXX6,MF,5
UTIFRFRXX7,MF,5
UTIFRGR20X,MF,5
UTIFRGR212,MF,5
UTIFRGR213,MF,5
UTIFRGR214,MF,5
UTIFRGR216,MF,5
UTIFRGR217,MF,5
UTIFRGR21I,MF,5
UTIFRGRXX2,MF,5
UTIFRGRXX3,MF,5
UTIFRGRXX5,MF,5
UTIFRGRXX6,MF,5
UTIFRGRXX7,MF,5
UTIFRGRXX8,MF,5
UTIFRGRXX9,MF,5
UTIFRGRXXI,MF,5
UTIFRMP20X,MF,5
UTIFRMP212,MF,5
UTIFRMP214,MF,5
UTIFRMP217,MF,5
UTIFRMP21I,MF,5
UTIFRMPXX2,MF,5
UTIFRMPXX3,MF,5
UTIFRMPXX5,MF,5
UTIFRMPXX6,MF,5
UTIFRMPXXI,MF,5
UTIFRQP212,MF,5
UTIFRQP213,MF,5
UTIFRQP214,MF,5
UTIFRQP216,MF,5
UTIFRQP217,MF,5
UTIFRQP21I,MF,5
UTIFRQPXX2,MF,5
UTIFRQPXX3,MF,5
UTIFRQPXX5,MF,5
UTIFRQPXX6,MF,5
UTIFRQPXX7,MF,5
UTIFRQPXX9,MF,5
UTIFRQPXXI,MF,5
UTIFRQRXX2,MF,5
UTIFRQRXX6,MF,5
UTIFRQRXX7,MF,5
UTIFRQRXX8,MF,5
UTIFRQRXXI,MF,5
UTIRAP18XI,MF,5
UTIRAP26P1,MF,5
UTIRAP26P2,MF,5
UTIRAP26P3,MF,5
UTIRAP26P5,MF,5
UTIRAP26P7,MF,5
UTIRAP26P8,MF,5
UTIRAP26P9,MF,5
UTIRAP26PX,MF,5
UTIRAPXIX5,MF,5
UTIRAPXIX7,MF,5
UTIRAPXX11,MF,5
UTIRAPXX12,MF,5
UTIRAPXX16,MF,5
UTIRAPXX17,MF,5
UTIRAPXXI8,MF,5
UTIRAPXXIX,MF,5
UTIRARXIX5,MF,5
UTIRFP26P1,MF,5
UTIRFP26P2,MF,5
UTIRFP26P3,MF,5
UTIRFP26P6,MF,5
UTIRFP26P7,MF,5
UTIRFP26P9,MF,5
UTIRFPXIX5,MF,5
UTIRFPXX17,MF,5
UTIRFRXIX5,MF,5
UTIRFRXX12,MF,5
UTIRGR18XI,MF,5
UTIRGR26P1,MF,5
UTIRGR26P2,MF,5
UTIRGR26P3,MF,5
UTIRGR26P5,MF,5
UTIRGR26P6,MF,5
UTIRGR26P7,MF,5
UTIRGR26P8,MF,5
UTIRGR26P9,MF,5
UTIRGR26PX,MF,5
UTIRGRXIX5,MF,5
UTIRGRXIX7,MF,5
UTIRGRXX11,MF,5
UTIRGRXX12,MF,5
UTIRGRXX16,MF,5
UTIRGRXX17,MF,5
UTIRGRXXI8,MF,5
UTIRGRXXIX,MF,5
UTIRMP18XI,MF,5
UTIRMP26P1,MF,5
UTIRMP26P2,MF,5
UTIRMP26P3,MF,5
UTIRMP26P5,MF,5
UTIRMP26P6,MF,5
UTIRMP26P7,MF,5
UTIRMP26P8,MF,5
UTIRMP26P9,MF,5
UTIRMP26PX,MF,5
UTIRMPXIX5,MF,5
UTIRMPXIX7,MF,5
UTIRMPXX11,MF,5
UTIRMPXX12,MF,5
UTIRMPXXI8,MF,5
UTIRQP18XI,MF,5
UTIRQP26P1,MF,5
UTIRQP26P2,MF,5
UTIRQP26P3,MF,5
UTIRQP26P5,MF,5
UTIRQP26P6,MF,5
UTIRQP26P7,MF,5
UTIRQP26P8,MF,5
UTIRQP26P9,MF,5
UTIRQP26PX,MF,5
UTIRQPXIX5,MF,5
UTIRQPXIX7,MF,5
UTIRQPXX11,MF,5
UTIRQPXX12,MF,5
UTIRQPXX17,MF,5
UTIRQPXXI8,MF,5
UTIRQPXXIX,MF,5
UTIRQR18XI,MF,5
UTIRQRXIX5,MF,5
UTIRQRXX11,MF,5
UTIRQRXX16,MF,5
UTRAP22P12,MF,5
UTRAP22P13,MF,5
UTRAP22P15,MF,5
UTRAP25P12,MF,5
UTRAP25PXI,MF,5
UTRAP26P11,MF,5
UTRAPXIX15,MF,5
UTRAPXIX18,MF,5
UTRAPXIX19,MF,5
UTRAPXIX20,MF,5
UTRAPXXI12,MF,5
UTRAPXXI15,MF,5
UTRARXIX19,MF,5
UTRDAP18P7,MF,5
UTRDGR17P7,MF,5
UTRDGR18P7,MF,5
UTRDGR18P8,MF,5
UTRDQP17P7,MF,5
UTRFP22P12,MF,5
UTRFP22P13,MF,5
UTRFP22P15,MF,5
UTRFP25P12,MF,5
UTRFP25PXI,MF,5
UTRFP26P11,MF,5
UTRFPXIX15,MF,5
UTRFPXXI12,MF,5
UTRFPXXI15,MF,5
UTRFRXIX15,MF,5
UTRFRXIX18,MF,5
UTRFRXIX19,MF,5
UTRGR22P12,MF,5
UTRGR22P13,MF,5
UTRGR22P14,MF,5
UTRGR22P15,MF,5
UTRGR22PXI,MF,5
UTRGR25P12,MF,5
UTRGR25PXI,MF,5
UTRGR26P11,MF,5
UTRGRXIX15,MF,5
UTRGRXIX18,MF,5
UTRGRXIX19,MF,5
UTRGRXIX20,MF,5
UTRGRXXI11,MF,5
UTRGRXXI12,MF,5
UTRGRXXI14,MF,5
UTRGRXXI15,MF,5
UTRLAP17P7,MF,5
UTRLAP18P8,MF,5
UTRLFP18P7,MF,5
UTRLGR17P7,MF,5
UTRLGR18P7,MF,5
UTRLGR18P8,MF,5
UTRLMD18P7,MF,5
UTRLQP17P7,MF,5
UTRLQP18P7,MF,5
UTRLQP18P8,MF,5
UTRMP22P12,MF,5
UTRMP22P13,MF,5
UTRMP22P15,MF,5
UTRMP25P12,MF,5
UTRMP25PXI,MF,5
UTRMP26P11,MF,5
UTRMPXIX15,MF,5
UTRMPXIX18,MF,5
UTRMPXIX19,MF,5
UTRMPXIX20,MF,5
UTRMPXXI15,MF,5
UTRQP22P12,MF,5
UTRQP22P13,MF,5
UTRQP22P14,MF,5
UTRQP22P15,MF,5
UTRQP22PXI,MF,5
UTRQP25P12,MF,5
UTRQP25PXI,MF,5
UTRQP26P11,MF,5
UTRQPXIX15,MF,5
UTRQPXIX18,MF,5
UTRQPXIX19,MF,5
UTRQPXIX20,MF,5
UTRQPXXI12,MF,5
UTRQPXXI15,MF,5
UTRQRXIX18,MF,5
UTRQRXIX19,MF,5
UTRQRXIX20,MF,5
VF1DD,MF,5
VF1DG,MF,5
VF1RD,MF,5
VF1RG,MF,5
VF2DD,MF,5
VF2DG,MF,5
VF2RD,MF,5
VF2RG,MF,5
VF3DD,MF,5
VF3DG,MF,5
VF3RD,MF,5
VF3RG,MF,5
VFDG,MF,5
VFDP,MF,5
VFRD,MF,5
VFRG,MF,5
WB1DD,MF,5
WB1DG,MF,5
WB1RD,MF,5
WB1RG,MF,5
WB2DD,MF,5
WB2DG,MF,5
WB2RD,MF,5
WB2RG,MF,5
WB3DD,MF,5
WB3DG,MF,5
WB3RD,MF,5
WB3RG,MF,5
